,PSV,IF,IGL,LT,INC,ADP,VISl6a,DCO,VCO,ISN,KF,LC,LGd,LGv,LAV,APN,SUV,LPO,RT,AVP,VISpl2/3,AVPV,MA,BLAp,SG,SGN,SPFp,SPVI,MPO,ENTm1,SUT,ENTm2,ACVII,NDB,V,NOT,VAL,VI,ENTm3,VM,VLPO,VPL,ENTm5,VPM,ZI,PARN,VISpl4,VISpl5,VISal2/3,ENTl,RSPagl2/3,VISl2/3,PO,GPe,POL,GPi,MGm,PS,DG-mo
PSV,0.7346856849108528,0.00043804324492278425,9.814773422474762e-05,0.00029355667045203844,0.022744125586165675,1.3684450224023823e-06,0.0,0.5417871923261905,0.5003505548166526,0.0009922555624096961,0.27488835555364444,0.006875107471316783,0.0007011661193161667,0.0009692876130399224,0.13619323105884515,0.0825678710426184,0.11283021931223881,0.0023073873252856883,0.008568530624547564,0.00010122158644799822,1.7198119088721317e-05,0.0002139057334735479,0.0014789567048905804,4.615530857645334e-05,0.0016151418916022905,0.01158963530250048,0.04133599307834006,0.1741039010948485,0.00044409355561041256,0.0017233306705348923,0.23885408619277657,0.000303369376848705,0.0022173544437254543,0.005620615658014089,0.14447807710010427,0.0014658698564708752,0.01227441540894075,0.0076046368838478574,9.420211814379678e-06,0.054292411794422214,0.0001933727372321585,0.07987884125496499,4.1896489103881045e-11,0.29438500605223,0.21533174957294546,0.5009674983391337,0.0,1.8856630070947966e-11,7.503866003882334e-08,0.0027849194720779495,2.2381159234883683e-05,5.09503221977906e-07,0.07211410175072051,0.0039653317962632315,0.02449276104419381,0.0024059667771134524,0.02537410588251877,2.7374039099344648e-05,0.017328433183708542
IF,0.008218570501874295,0.07273801502186945,0.000245555374813123,0.00016133849231269814,0.033645934070271916,0.0035912944430191614,1.7870495453024022e-05,0.0011486476430197078,0.0031100420199421403,7.233166739031948e-05,0.00474087490387772,0.0007037936851037245,0.0005769193019223319,0.0018358963185824745,0.0006041244804467967,0.04821774793729845,0.0013128373694693207,0.12997337900688863,0.008876178051783212,0.006872571830637183,0.00014961760260019392,0.004026433020151915,0.05595610685315812,0.006093368238301481,0.0008044734750755168,0.00019740420680769148,0.008227677518655458,0.010939507290433019,0.03989657839697825,0.008217891557757819,0.015860596192333806,0.008251625323427852,0.0001906372030872054,0.15879932980690828,0.007228863936159272,0.0012177053313351632,0.00914869655886955,0.0007757099654251901,0.0030793688623194115,0.05103198885165284,0.002865027755515836,0.0065027192597318685,0.004581004625665255,0.0009858767556088289,0.13410789282380678,0.06631923065662529,9.889996707534943e-07,0.0001110686936877538,4.693209232372151e-05,0.04421142752447725,0.0010273289950533918,1.4657408233594316e-05,0.004164193687868281,0.037813808675042984,0.002032986268404386,0.011847948092142997,0.0008420249147437987,0.011494497914314674,0.038540354021356985
IGL,0.0003966410219681195,2.4335614765144346e-05,0.0011171736558129176,0.0002458888766605466,0.0004266206517067372,0.0,0.22064026594348923,0.00019411759993133207,0.0003771812386888814,4.724265851422379e-35,1.0708300873495298e-06,2.0686999035440852e-06,0.9195827728065392,0.02172127363964798,1.2497323716768534e-05,0.008064252442580458,6.918128086951268e-07,0.00036614282710636416,0.5086600048300021,1.124270962834361e-09,0.0027319768418010986,0.00013529852075284035,0.00043857651804183825,0.0001123294111607164,4.200780413643057e-09,0.013486249657752622,0.029606774328581723,0.0003497936402673266,0.0002457910130825814,0.0035436524253142187,1.8818696482374956e-05,0.0006001235371912326,4.535919825927361e-14,0.009412318324136925,1.439969218583155e-06,0.005101088322899355,0.00026128874478291284,8.81664079372745e-10,5.203241697624386e-05,0.000563150989648299,0.00041136542581779993,0.17263204787127331,9.125025859457011e-06,0.1782229749672254,0.14809817361795669,0.0001105767207246979,0.005555553103341964,0.01273059617991623,0.16119343128528124,0.01807490924146712,0.0006360454165910854,0.3108191260985528,0.012524010837439072,0.18127951564657338,0.00682382678586209,0.0067455856797055186,0.23518674206795165,4.3682227032554196e-07,0.03665271013478216
LT,0.003320436310608367,0.002273214653442073,0.0002025514169650253,0.003509066639647579,0.009272488845955475,0.0024956961042735637,0.0006670075558949453,0.0006007841279095885,0.0006385436410284983,0.00017927741059485606,0.0028182293115164444,0.00030294455345853506,0.0022996427007396167,0.0030513918745202614,5.346681018477471e-05,0.15366828075496128,0.0001270873714699169,0.0362878837281311,0.13450635563779373,0.0031910435419877847,4.7116457481907236e-05,0.005091428247949522,0.0055509444258583784,0.016695922366831203,3.539358119118389e-05,0.0690344418088555,0.13212866770012016,0.0011070180829306016,0.06061370236243238,0.002363969104253186,0.020734397042077964,0.0005941150719627904,5.683327203562904e-05,0.020754597139543526,0.00801852921340478,0.00380703952867775,0.08782211556319236,4.744114058978772e-06,1.0542288782716361e-05,0.2141403859760483,0.0022978664416519173,0.08824708867506338,6.420630024912714e-05,0.090842976703244,0.569786807637863,0.07760675786077978,6.489551167307337e-09,6.13930765897938e-05,4.3674418617450073e-05,0.004439374942352642,0.00013681580710494758,1.405523820760718e-05,0.07583595317228907,0.23535731349904151,0.14609747117714028,0.09213335630293287,0.13128743753759003,0.003665568826474611,0.07438818325216655
INC,0.015899316033856685,0.027226646545916965,0.0012046925025927901,0.00031629697218507537,0.05361447545563258,0.0007842936430021786,2.6229990616850413e-06,0.0010838275840768755,0.001846346801661357,6.79487068622986e-05,0.0071063540564070314,0.0012484870670524599,0.0024617331425056646,0.004991322282389993,0.001042396678780941,0.23146711365763378,0.001589584395526742,0.05771162835246586,0.011927611542658704,0.0023052159693599103,0.00011809516473432004,0.001073311409983499,0.01944660849523617,0.007299036266329463,0.0008958926077262143,0.0009515086429260963,0.017814199616303913,0.01783337229948273,0.01323229718006826,0.002597319992681977,0.026014327224965772,0.0016962197626285691,0.0005049516695863249,0.09017553222958434,0.008528525847584512,0.005291224674380061,0.02197354009452548,0.0043217842669335356,0.0004664934962723948,0.084526204011421,0.001168687742036111,0.017231331619778675,0.0006491060449102957,0.005597001317175398,0.24718824803106926,0.13070126082044514,2.8353052621968647e-07,1.4093973921046178e-05,6.628056758042862e-06,0.005955662582005845,0.00202038627937104,2.192641553546883e-06,0.01983057827856095,0.0238295924269651,0.009618808185608821,0.008118409787326076,0.0037220952340502786,0.003987504867523659,0.017204339838572523
ADP,3.4568958585127235e-05,0.0161900951515029,9.492030620321996e-05,0.00028341576449557364,0.000285816296039922,0.08459617954380215,0.00011435626176336454,0.00043271564542679276,0.0004553201274573028,2.5011634137899444e-07,6.358889468680465e-05,0.0007397028900081899,0.0004061312456165464,0.0007766745479309471,1.0138260803217439e-06,0.0020749238915776414,1.780598023932289e-06,0.17765574379017324,0.018150388654657693,0.08303119770779728,5.693391135394341e-05,0.15934458297440404,0.004971301566515008,0.0020334206130605778,1.3924310906313492e-05,0.00022074949565786353,0.0018719398960482059,3.124006783257439e-05,0.5604048972083565,0.0005335642347269244,0.0014629055369650746,0.0005510128376397924,2.494265743051319e-05,0.11879076135885988,0.0003024442617172921,7.06294769361e-05,0.0008758125849573431,5.064990320902508e-07,0.0004643027996428051,0.009103376563786205,0.03688307767479764,0.0015353239975172696,0.001157050147883318,0.00023464094113933483,0.06838907764222801,0.0033078534514028725,2.856624122563038e-06,0.00022271665675272493,7.487642210194826e-08,0.005487309597459309,0.00014456065298082112,4.4181114984306036e-07,0.0001430385623507686,0.0017189008327722485,0.0006002778774893862,0.0022056816387658984,0.0005328589138514566,0.08080791293121482,0.010777640829537204
VISl6a,0.00033145803041522494,3.058023785266863e-05,0.05380524560278859,0.005291750683014659,0.00018631944104801623,3.0828516005893627e-07,0.5246604198827217,0.001082900018348001,0.0020142304563165506,1.0199008781766061e-14,0.000216340434536912,2.808677853785234e-05,0.5369803251009935,0.2770323832512246,2.757872458902214e-05,0.270249389986615,6.327110061070061e-05,5.622096856856518e-05,0.22774464242147854,1.8229004768722948e-06,0.20899710402980093,0.00020608842903854576,4.9315745056890245e-05,0.0021445150031188364,4.795121793562668e-05,0.044888366877564805,0.0032794438125754695,0.00046792062849025683,4.166587464335834e-05,0.02169001637757346,8.19683430862413e-05,0.05752869811938034,2.548523611030303e-06,0.00442081932929838,1.962640276681476e-05,0.1415008032992252,0.01186382538770854,9.91682261387042e-06,0.02168387997393068,0.004264187543710496,0.00015807695821117032,0.04571766297364558,0.03444980890013901,0.056956416945537686,0.07040961332639552,0.0005704790937027679,0.06451949233239367,0.2648372603475947,0.21201134485405343,0.4354495279261345,0.20578265639079668,0.6105803529751908,0.030816039745833114,0.016182389532251085,0.04114418415857954,0.0005533459512054296,0.03132032823516972,1.3324109060993598e-15,0.11112248669941999
DCO,0.12913733173454708,4.212058901264747e-05,5.203017369980642e-05,4.065001455017884e-06,0.012971641168662111,1.3533854738609789e-08,3.1988242693143916e-10,0.30423594430048106,0.9267661858736663,0.0021816231697021583,0.035508536822428376,0.0010152767861606336,0.0002667634052206403,0.00010612720440259481,0.533719810058199,0.035693723666245056,0.10236938099522183,1.2462523895205252e-05,0.0036127085218489773,3.4093552551354964e-06,7.613879170431666e-05,0.00032768365713173477,2.6781680020039512e-05,4.509816486987667e-06,0.00021689543445767176,0.0006131040108288226,0.010180312421463132,0.36297963286980744,3.126242985870224e-06,0.011967161468287814,0.015306516606797748,0.002522176270128521,0.0005011527950390732,0.022804433689769928,0.019805811984614258,0.00014396625240093973,0.012218341224012046,0.04721944235352929,1.5479365065130956e-05,0.023893870532886684,0.00023463708443924295,0.04784019480234718,2.2926103557839085e-06,0.039953968635195035,0.05057602736775555,0.44631914726127386,8.216582064861327e-13,3.0154178400575095e-09,6.5010100588781085e-12,0.005143103623542738,0.00015646103299994841,2.1319443830941137e-08,0.03212743828266386,9.439282045660409e-05,0.004579765986096572,0.00017889740404400425,0.005624730936215681,5.841324451240578e-08,0.08893143125890968
VCO,0.0793718376099684,3.122426472947081e-05,2.790545736040267e-05,8.461709458800471e-07,0.0004400081356638212,2.604868376624881e-10,7.0424664194902755e-12,0.5430370515572265,1.7304204447825073,0.00041319473675016465,0.021017304340340263,4.674977764269607e-05,0.00034958039796095157,8.724031752304965e-06,0.04629068024389413,0.0028998046837806555,0.04076593214107504,2.549634405640957e-06,0.00013928311490009595,1.111903427406635e-07,2.4876200995144482e-05,0.0005656902320326012,4.382022858804713e-06,8.30749024029453e-06,3.271136156238103e-06,0.00012017016142564459,0.00510428223769737,0.03148472031304325,3.906769560170417e-07,0.014107809648490774,0.00543171316281965,0.0018556002482409577,4.692136377211396e-05,0.030197237109105973,0.009333578657455438,0.00015927267315691884,0.0007117057575702329,0.002645098589010769,1.382154846631676e-05,0.000859091381050159,0.0002577199534764846,0.0013528285624066362,1.016468139005107e-07,0.0026067387352247218,0.002646097317320858,0.09160460092942202,2.1701149429293125e-18,7.426768092980234e-13,4.863136612632684e-16,0.004226321055353953,7.559299937176598e-05,8.573607773013322e-10,0.0023229157245058005,1.566728047158803e-05,0.0005754728455685312,0.00021868143693749273,0.0004607017001751706,1.244738291774381e-09,0.11721701956646728
ISN,0.2819212970446791,0.0005914351980976912,9.838784714980678e-06,3.417854329179684e-05,0.01568007293952147,5.274539627132228e-07,4.722337159023421e-09,0.0077513014193825005,0.014524697837976238,0.012853667044982609,0.09307971087916958,0.0016729440598135885,6.943811668409368e-05,0.00012196697631477028,0.2570827804789701,0.06141792450566813,0.07126753535893812,0.00010567873013822579,0.002628574853882665,9.189187602920938e-07,1.4037233053816096e-05,0.0001150345914424024,0.00015808370420098192,3.657839777898288e-07,0.0002491334510667036,0.0008062670043532134,0.015162672469640301,0.4076132243890177,1.552371502675447e-05,0.0020797692542507086,0.12516259149786285,0.0007575788049978198,0.0013598454367891512,0.00996701803715528,0.2027345833069326,0.00010599099804368838,0.021983121647006026,0.024915432808888943,2.7748338369366976e-05,0.026860025005911264,8.982216259412715e-05,0.028394080445106374,6.530267979874811e-06,0.035485541777076135,0.054243185955481096,1.6511642108374112,1.6966944371668507e-10,1.0719428118955202e-08,4.89642675619147e-09,0.0035236247617125406,3.1742547751887144e-05,6.4086012841542056e-09,0.04760095778496995,0.0005182682955710703,0.0045247535838467395,0.00033493045261671434,0.005397874915976408,1.5200758916614721e-06,0.030820919973195637
KF,0.760849873630281,0.000436665288531018,0.00010076241665426566,0.0002483897392192159,0.03426084107225826,0.00017847316125093528,9.353271645260832e-28,1.0563995395592118,0.9868634728350533,0.0019067381540938159,0.46508804125380915,0.007514245420884231,0.0001763895998603665,0.0008462831260544354,0.24558662087085534,0.07624295993105376,0.1975623868591713,0.00330408105041184,0.0057037196238366675,0.00041135567117957396,2.8711133572286675e-05,0.0013652564055924123,0.0009429771255193415,0.00012569561797643052,0.0015381527166690495,0.002649965816271504,0.04404302467696039,0.19472779084922967,0.00178312278997698,0.002825962357735419,0.2920814758626041,0.0005456471229627184,0.0012819829842083156,0.00579840488852034,0.18024754610931193,0.0006126000205755574,0.018110991375349998,0.007503968990218056,1.9196194651921864e-05,0.06229180944129906,0.0003606833713468873,0.05097980526291315,1.5161798947330567e-08,0.314621285311162,0.16821778210429908,0.5354191870028496,0.0,3.739509732774754e-09,1.5016677336373415e-07,0.0034670695136626815,4.504730704864935e-05,3.995955686103077e-08,0.087361530698682,0.006520952325169537,0.007156676357865077,0.0032171871028471217,0.00977801077294566,0.0006120648115888166,0.018299217371272856
LC,0.00501258451579937,0.00878062044429778,0.0001248653649597523,0.00017830082036375728,0.004679202578239666,0.010716438902420179,1.6582288049650106e-05,0.0005196533078920439,0.0011586976629892412,0.0010304827269103079,0.0066358503148406245,0.023368523649180833,0.0004255120851611952,0.0008244236460853175,2.0239651438883648e-05,0.009255319258863484,0.001224355345207179,0.071675932757016,0.02214276385295687,0.004203488885641874,2.6716768247536533e-05,0.01257442159721078,0.005394244530213991,0.001885154704428664,0.0017402631570276532,0.0011618879070877195,0.010201204848888316,0.0006557895627480575,0.030691809480874056,0.010039192395037694,0.029984808194078498,0.0025589310067190155,0.0004017295151255472,0.09402342360776453,0.08097773230995699,0.0007772767477940006,0.002330073749865104,0.0001405173455787244,0.00015366240919710862,0.03353406874729753,0.004134023159230703,0.0015487765854958005,4.744516558909898e-05,0.0015568610397850766,0.09538035493831987,0.14420222785477238,1.8370267070418406e-08,5.111004115471877e-06,1.1947172097615693e-06,0.046318615840086765,0.00019518538127427158,2.2430865186585586e-06,0.006340883640789547,0.01211184709401829,0.002972978857514437,0.007856628577606434,0.001636160495558138,0.040363717862492876,0.03895775570923575
LGd,1.7037041797941925e-05,3.72228525490287e-06,0.0015224323949472852,7.399554848491889e-05,5.0751120546236034e-05,5.330613702770545e-35,0.32305394133990273,0.0001408593284576933,0.0001942193248938623,2.807740722954178e-28,4.074863434342496e-07,2.71769831592871e-07,1.3439499354663984,0.032785011755802375,1.3256122675338855e-06,0.010363298756372964,2.0553340064583272e-07,3.7862586498856335e-05,0.5770624642310443,2.4377476811309436e-07,0.004179998897184876,1.90838224264092e-05,4.03352060231617e-05,0.0005584313528646812,9.111183562001283e-07,0.03817171129235454,0.002981292992521084,1.6216520412282978e-05,2.1749356747464233e-05,0.0006393542314352461,2.2028488026695564e-06,0.000253995055654232,1.1537527801148345e-10,0.001531022561511838,1.8977969290161519e-07,0.008005720354028946,0.0003048898154492363,1.933148716498524e-07,3.986976514013662e-05,0.00016119988039226508,3.9609686312049726e-05,0.027459387717055146,0.0011424252484258832,0.07414788114005111,0.01832871040391394,3.825399429239187e-06,0.008206398067652564,0.019119561926908724,0.23626901202978084,0.00990235267605214,0.0017009581684437735,0.45503357511687803,0.021117288855069714,0.032987180338545086,0.010049390017068506,0.0007023205133859377,0.030299761472556027,3.791734837039187e-08,0.02121563202723868
LGv,0.001781100425334716,3.2197674652027105e-05,0.0005605723376217457,0.00030918809645794396,0.0005520491546100251,0.0,0.08955381933035064,0.0007671060011820593,0.0017433325646183011,2.06883154341962e-21,5.040684461797197e-06,9.620640508875406e-06,0.37437434675728853,0.009132042353846091,1.87322899198932e-05,0.0066583825925021255,3.2152102946297093e-06,0.00047353698043419584,0.4415018885171967,5.180259729002297e-10,0.0012976550058841324,0.0001827589120526439,0.0005694404734308971,5.235541543128088e-05,1.9356082615221056e-09,0.010934480103249655,0.03829624572036832,0.0016297884069727206,0.0003179720903767909,0.006667900359921113,8.788817720439838e-05,0.0012228156982504494,3.94006001961566e-14,0.013473695019090995,6.696668810497917e-06,0.002194468657706042,0.0002847018289955172,4.074560538295902e-10,7.522870925820263e-05,0.0007250714351633195,0.000560291680337432,0.32583188546381087,0.00043809993067822926,0.577325022652084,0.19074703207945318,0.0005144538989435884,0.0022599759513661226,0.005435720097429727,0.06473983962199333,0.0203388301499469,0.00043141575827090195,0.12486913457462323,0.022129218016536577,0.24447088956933283,0.0072730884237806265,0.008882844165237658,0.30259123164669777,5.651043936740948e-07,0.049218385042467935
LAV,0.06996440607340258,0.00035997664274235475,2.6455078084778962e-05,4.223387198312148e-05,0.025351006209977916,6.343822628085351e-05,7.354410090612859e-07,0.0309275863256437,0.03896229633329383,0.003959190824931128,0.040503984597166795,0.0027353442762138697,0.00015221643345070956,0.00021964788946555729,0.8583585078530425,0.03370326086320004,0.1569783594040449,0.0008794907906658179,0.006834510457159892,6.096964262364611e-05,8.458761039121512e-05,0.00025433304760851504,0.0003181016031323085,1.049179839130047e-05,0.0008620763163290767,0.0007383982163670451,0.00919652291173751,0.25869343652457477,0.0003805453292205214,0.007095876699902143,0.025730151220873892,0.002412233166529135,0.0007756391256111324,0.019026076107270244,0.041210615889876914,0.00015543580723799755,0.025129605989056114,0.07857200517856415,5.222071827302984e-05,0.047481020021537694,0.0002460538934183449,0.06525579968243676,1.873783602628333e-05,0.008607510656853869,0.05460196210273901,0.7573803192279943,1.7490856506977308e-08,7.797666043897372e-07,1.8188911847520636e-08,0.006863665593694518,0.00016410060606928135,9.970506416087472e-09,0.028263980287190522,0.00041906348057432617,0.0016114244419863039,0.00048132988253836505,0.0020952523031122355,0.00016907940061087643,0.062002446260081306
APN,0.006119655010602837,0.0011592125953960167,0.004862598387160958,0.0008570729001365856,0.016820371158344876,0.00048478622782156057,4.466689756951414e-05,0.0013848938062232525,0.0019318828544922734,8.26492386322423e-05,0.0035958174383203608,0.000511384057587292,0.016454141928414368,0.038778292875881915,0.00028093207756382696,0.8668439608684075,0.00040010674524634246,0.008720623853162593,0.024498550756952238,0.0013693853951711546,5.781014676835123e-05,0.0007701308422693614,0.0015749076452152607,0.0015015758408394137,0.0002471529825666156,0.010563082622915049,0.06720855301833431,0.004682264127273107,0.009140418814530732,0.0027524142655660526,0.01413685969871542,0.000610824414083494,0.00018931812555712094,0.012605472608060607,0.003371967484094768,0.032005890181871,0.03812066190723431,0.0003448396670440424,6.48043631804441e-06,0.07604756037953049,0.0005991727635789433,0.08497540833649161,7.764073680987558e-06,0.08768558706221576,0.6068804966836056,0.055692113609101805,3.2615598131407525e-07,2.3175908048228004e-05,1.5129137472004578e-05,0.0019560253431121642,0.0011721579773956224,8.558554966656021e-06,0.24544725429984157,0.01724841077930938,0.0393799123401495,0.006518549622510225,0.03189886165231095,0.0007560287286617757,0.03731755852960158
SUV,0.039365575934758035,0.0005810606424809465,0.00010045229906287076,9.617306837702796e-05,0.028945834184072067,0.00026915057546088474,3.244904633933249e-06,0.03150236134103703,0.025839652599683932,0.002109586708981886,0.0386947472075441,0.004864928934299522,0.00021534511184560047,0.0005416316710367109,0.8715236218285611,0.024576799044770642,0.18806714014574588,0.0037740135014902977,0.008131518507749761,0.00025695044025798224,0.0001009128421674255,0.0004987956190480792,0.0009157318029665239,4.197892431941737e-05,0.0014130972059868115,0.001069755742640429,0.0069579160783168606,0.2581841687167804,0.0016127484530381456,0.007275562813801016,0.015590925760378732,0.0024675396469824268,0.0008197866273095664,0.016368722459137994,0.016983758760280673,0.0001927345655452652,0.021070404293105867,0.07844153649043811,4.1702567013394246e-05,0.04794974523354405,0.0003918838609048519,0.06396486648949942,2.6983603100803885e-05,0.005211093360229178,0.0606280789885196,0.5311269353811978,7.198363740308555e-08,3.1895592743131153e-06,7.485648344621474e-08,0.005217844988089685,0.0001968716466225393,3.580763376700336e-08,0.020739699910814178,0.0010183789089349407,0.0019047433635678644,0.0014570695987973334,0.002188630293611182,0.0007343967496494947,0.04648595136555496
LPO,5.08769226410279e-05,0.01960580282855095,0.00021965834491064767,0.00037788123448885823,0.0005801099856734036,0.04581726562665556,0.00028170003435990014,0.0003985745309375511,0.0004337813666443679,9.516056566277616e-07,0.00010702201884337236,0.0008112775681415916,0.0011268987898709211,0.001511037475273142,4.2652681426384955e-06,0.0060746605700959235,7.986144617204221e-06,0.28103183869255655,0.04148124061050249,0.08531786353409578,0.00021919602096933494,0.10298911276912939,0.01418205774983889,0.004200258145047898,5.07505977715053e-05,0.0007828589839138803,0.0028862785278852368,6.850293877293874e-05,0.5293040966401441,0.0006972984336991535,0.002394414904295696,0.0011044604135792924,4.2998730597916825e-05,0.21228518008089933,0.0005122896927666263,0.00013852515088585147,0.005485878659132585,1.4939876192833015e-06,0.0007217263070684374,0.019540598506782268,0.04709472812081982,0.004020352292515371,0.0020745513462947034,0.0031159878202156903,0.10304818562416504,0.0052301701455079765,1.0339536310146857e-05,0.0009295112225857578,4.0054728228239275e-07,0.011183194295857688,0.0003263519122074785,1.8914779496776488e-06,0.005476672767230059,0.004942548585255107,0.001699113278629695,0.005833223582412055,0.0015693618211582074,0.061347849889080514,0.0167976624042345
RT,0.0017376573960825614,5.6064535969747165e-05,0.00034603921560882384,5.924425711799058e-05,7.000876172329792e-05,0.00036839513531502154,0.005019809963372693,0.0020738421072157127,0.003619636193393462,4.125514154021766e-06,2.498229032495081e-05,1.4808949814249918e-05,0.018599522555979946,0.0032728453993039765,4.7025523451780395e-06,0.003969027320127927,2.774463387759147e-05,0.0038374252757922105,0.7733213054534283,0.0002394581566429513,0.0018766844110320096,0.0003234605348048378,0.0009532353209832406,0.003739532896359146,1.5646890063013027e-06,0.00030138321903296295,0.008030258982480564,0.0016907674841410076,0.002284837705720575,0.006019760867862324,0.0007128882909744153,0.004168200211506867,2.4952600316783172e-05,0.0076408600215513425,7.401339511146305e-05,0.000272223999620341,0.7091510944582655,2.2832677872534909e-07,0.0016242062497104995,0.2813948704667189,0.00020105713016432223,0.3050885866288082,0.009600105678240116,0.7374933348674858,0.05673559509699008,0.002898176847989388,0.0004893005607815097,0.0032438242601046914,0.0028235896846711167,0.023040986793227063,0.018587035585319996,0.004666861939102487,0.4055937513483686,0.14629370158144442,0.00333204377219522,0.04853659074674081,0.0017269916407458914,0.0006593960630044203,0.04301196195514354
AVP,5.241162872414548e-05,0.0177464298525041,9.169634595123855e-05,0.00024495938718388396,0.0004073612290574118,0.06296970383347164,0.00025650220481947446,0.0007128546371095628,0.0006901991668302652,2.800014837042308e-07,9.428782608208181e-05,0.000838992814552661,0.0004583357797893294,0.0007725391175526649,1.8880201684928252e-06,0.0028047821828911146,2.8180193661448135e-06,0.25850306442769916,0.02701166727433897,0.101187662027336,0.00015089432574339398,0.20137587064537335,0.009654022541052734,0.0020941638866975713,3.581377290820645e-05,0.00028360616070401677,0.001916771047343327,4.006182710709301e-05,0.6066847111995334,0.0007192103850190659,0.0020542555252763897,0.0007530373876866189,4.238375835366517e-05,0.18826475225040817,0.0003980255361850641,6.80333076259323e-05,0.0010769379601493778,1.1914116277310456e-06,0.0005261711917101346,0.012614645240426927,0.052511861689191766,0.0017094360512987308,0.001522149995780441,0.00026245923967521754,0.0789363619172567,0.004626982670762949,7.437709022129258e-06,0.0006418481528630183,1.1640244664697496e-07,0.006862295210945309,0.00029638995721943445,1.0670564691330929e-06,0.0001874865352609077,0.0023688909204301555,0.000746222054105341,0.002423794607640068,0.0006233012628798077,0.07132100660122448,0.016343447403338013
VISpl2/3,0.00019722694796244929,2.5522942702175965e-05,0.042878234630319215,0.002137082587902065,3.225123280711638e-07,2.4642336367258453e-07,0.38425859810654106,0.0017972973310125713,0.007416478656925534,4.221654790840053e-39,5.6762450130176754e-05,3.55729711019276e-06,0.36031441259243535,0.22099017443436103,3.13537958303302e-07,0.11066594782791563,8.144250472187918e-08,3.3082702313735006e-05,0.12309975477963189,7.750661815809259e-07,0.3307674052398617,0.0012316190876575641,3.055121877776168e-05,0.0017783624552690216,3.411607275710579e-12,0.014864350145093951,0.0003792186650789009,0.0001092278768598057,1.783605359008112e-05,0.028055642089265684,4.79525295713214e-07,0.06704133971628484,5.347881862814495e-12,0.01386800460713167,5.113181596929276e-08,0.09542988690384677,0.001728566397022092,3.4735425902082926e-06,0.028807523722929884,0.000703739791172483,0.0009441093612443681,0.01254010911091383,0.03891754637767398,0.015744886834945116,0.012652500001445436,0.0023372344598750895,0.14190510984649932,0.48551389899312924,0.10739977323896333,0.47860530434323995,0.210161395939527,0.44687597739504265,0.0053890892958726394,0.008212725498788952,0.014886053477886994,0.0005483372009423549,0.007384717334279952,1.0068362098065404e-11,0.14462537329788736
AVPV,6.05574414762921e-05,0.015132851738195665,6.666835940734378e-05,0.00020739676422746952,0.00031141763407928016,0.07514696892443785,0.00020110662839587808,0.0010535531406272993,0.0009782418474788097,2.3815809775976694e-07,8.164761981525609e-05,0.0007550868490594995,0.0003426446018548676,0.0006214703430980613,1.3551561071505998e-06,0.002096622595889853,2.133084704353979e-06,0.22172784533630688,0.020443252000513112,0.10846603894520777,9.681464570825254e-05,0.3026212522691568,0.0067945131215420415,0.00164482372050257,2.5844393630095782e-05,0.00021206939710455356,0.001565482389760624,3.180407994390453e-05,0.6339323820868312,0.000880187319804908,0.001762255260526871,0.0005836830004014948,3.662318816574439e-05,0.16017227449603652,0.00033555242336174624,5.722659306762173e-05,0.0007919611352662133,9.984434555768708e-07,0.0003971988814991203,0.009720569681951693,0.05406492065080441,0.0013523969418076803,0.001124850092598193,0.00019184764755724384,0.06571070523881538,0.00395143008116183,4.750101271186184e-06,0.000388854394207791,6.770342180311969e-08,0.005345336991966423,0.00023417144925791608,6.189952809096473e-07,0.00013815402639156318,0.0018441755469995832,0.0005604811882766638,0.001974064320032147,0.0004494832341652922,0.07443235489947579,0.017137065462724255
MA,0.00029513393585491537,0.00505006881084791,1.5774069878613285e-10,2.9801457573914443e-06,0.00012134853178421202,0.00020150481379192447,1.4283115485485153e-05,0.00036928287833257027,0.0003794718253704137,5.920582985898347e-06,0.0004202744594189705,2.1598591815128508e-05,3.252675391316627e-05,8.061034829817455e-05,5.886178817108072e-07,0.000562734583758748,6.586012050531257e-08,0.08081233509155994,0.0549200069514813,0.0005038160773595473,0.00011572223942606787,0.0005889785580393059,0.3037362813637282,0.05998074617640207,5.605101527889862e-05,1.839222375889196e-06,0.0007502660337990305,0.00020911002382273595,0.0046924087125772285,0.0012190241585566342,0.0020592107597623755,0.0018088935124130504,2.542570779561257e-06,0.1747038066875569,0.0009743092559960405,3.8591072833695425e-05,0.0017865057155849109,2.1418568756265518e-05,0.0005258832255249399,0.02063006372165208,0.0006025800844577102,0.001674632696806144,0.0004596130683974441,0.00010162475416096805,0.03734128893553597,0.011841646865973417,4.88825490585445e-06,4.302063621504928e-05,5.553037301367935e-06,0.06733338140991399,9.344609401017124e-06,1.5569097973984435e-08,0.00035668039931967786,0.04253044371555295,0.00018307727450240745,0.012855012286692056,5.9377769571135615e-05,0.001808029861092233,0.011107297547809529
BLAp,2.46217780199578e-06,0.0007273144787860881,6.580247350647148e-06,0.00011338206503874669,1.2769792557660139e-06,0.07830285009125142,0.0063913194316090405,0.0005371683951048773,0.000613828376532706,2.373325757422703e-07,2.151837182879771e-06,1.132041737303406e-06,9.625769299951733e-06,0.0019502216229611504,5.597036072456239e-08,0.00015423406596158168,8.105071754674448e-09,0.09039239123359834,0.01761260052711447,0.005177935189716463,0.0052099129748459545,0.017113566550084485,0.07795788062676527,0.5215646788925099,3.580344411852638e-08,1.4786249752818445e-05,0.00020427308746749154,5.8839151775360406e-06,0.2672198244184888,0.03548491567558639,2.9776424352959602e-05,0.09714055265760854,4.370457047579868e-07,0.09098845988263252,1.6926159348761484e-05,3.7244454213849215e-05,4.410731974943463e-06,0.0,0.07923510092350519,0.0007923353398738226,0.0038384018681581165,2.621173922778188e-05,0.0762140512304161,0.00010572875428205422,0.013424641703789297,0.00013869312093324352,0.0005524858505147477,0.004736503349979391,0.0004863207485057353,0.718557024407615,0.0012038234319512202,0.0012403982341182506,0.00014566089631582772,0.12072557694726567,0.0001651092153451666,0.008834514674199134,0.00011846907707046223,0.032342699563816225,0.08701480848321545
SG,0.0004451937284903311,0.034257560223200687,2.1606772852351103e-05,6.3925516814545144e-06,0.014549816900060552,0.001229395275994165,0.00020843247253300482,8.431177910805834e-05,0.0006372445487353951,3.761117437376017e-06,0.001643434695339741,0.0034996946452354534,0.00014093823326042252,0.0002497147263352517,0.0002994655762383809,0.008823458913153826,0.0005958454450900442,0.11842052039149567,0.08290274527361985,0.011052620945582228,8.682686513673318e-05,0.002230644913807877,0.021638187342291403,0.000246854769160688,0.011168847595970144,0.00019445027991383434,0.005015282848369904,0.00010904371853010918,0.04381179307187754,0.000872328369017636,0.0038417163824536597,0.0006931745042991203,2.3088861518023424e-05,0.4546309045618357,0.0006838459365546334,0.00036026060738937377,0.004826880705790662,0.000779049890506531,0.00029866227161136214,0.08411837684119215,0.006675578511750887,0.001664825989321291,0.0006730907988973857,0.00023507016532438784,0.06578956251291213,0.00453490709951427,3.962560358888966e-07,9.11632327198619e-05,2.577065304024999e-05,0.013587038655364207,0.0003282914240895208,4.827405550144963e-05,0.000311958948257912,0.000880697987834057,0.0015264566178299454,0.0007674289991734832,0.0002634087460798608,0.0033304748442154167,0.012059606805200521
SGN,3.2907764063926476e-05,3.57529866433608e-05,0.0012781239592271278,0.0007360608265240722,0.0006162777939171866,9.158830849126816e-47,0.047763052866447386,0.0002589485221376334,0.00015138676541251214,0.0,6.282572511922856e-06,6.343336021774066e-06,0.13216989885548205,0.02761580755523092,1.3593632612946685e-05,0.0727657999610852,5.40376665689098e-06,0.00032937078054004725,0.3632983313351301,7.208651928287806e-06,0.0015307223251093095,0.00013013646746781821,0.0002597380984263278,0.006321691292597936,2.699161361596995e-05,0.42627094740780086,0.018318246876918128,5.885124138133502e-06,0.00012010603798294428,0.003946777026867375,2.2403578715722918e-05,0.0007925119818500732,2.3295124320541928e-08,0.0078099499210972775,4.415778521076093e-06,0.01206168200551701,0.0011905259875451004,6.1251895422042194e-06,3.8517683831585545e-05,0.003422449384356758,0.00021775859688190067,0.16534293999358618,1.4057703842371136e-05,0.2293699381053094,0.13866299986282954,1.984928388453837e-05,0.0010003071432586519,0.005502909601032174,0.025675412539473728,0.01839936764912049,0.004657673035928768,0.040946379733330596,0.14547642204690428,0.18460479893582113,0.113091403823588,0.004370349545743546,0.21403877084133247,2.3501892923290587e-07,0.06060866290292038
SPFp,0.0014812305420293362,0.00011920391507757498,2.706880783748753e-05,3.591821570017977e-05,8.394111912047747e-05,4.869698910439496e-11,0.00011071796683758786,0.0009161170147495641,0.0007751132173309528,4.13483818100635e-09,0.00014096171935935956,1.0781040777222782e-07,0.000221257307702575,0.0002725734497681523,9.538814062624597e-06,0.0012301373404556785,6.29592144182228e-08,4.216375803446141e-05,0.3486234089847524,3.990124329503506e-08,9.53086151456484e-06,0.00035131282047704297,0.0009056865322045211,0.0002648887160066592,4.543802100960207e-08,0.0009275449072306727,0.006298558519330887,2.5879245470691273e-05,8.304741721476756e-05,0.00721466015044216,0.0003308604925795292,0.0024840467818313693,1.6188400134117686e-08,0.030713170308011642,1.8342693790352102e-05,0.0006318551903379439,0.04652373035751803,4.07225990552553e-08,7.680899428219443e-05,0.04163294796824968,0.0012052355710378312,0.5896227610969162,1.3353070489944759e-05,1.3282170668554285,0.02659347584435954,2.805664369227482e-05,6.207951053717175e-07,5.063896358968758e-06,1.6161180246326356e-06,0.03157696416831027,8.644417688496059e-05,2.1993508753119617e-06,0.492370311039556,0.4842432862620044,0.0006411871616223622,0.010171730026459679,0.034782669281008455,7.5244709146999184e-06,0.11351998385180852
SPVI,0.424696966105347,5.975011566612646e-05,0.00013851449489746257,3.2334205286510067e-05,0.0014559159835672599,8.575956771238953e-05,1.1034213615787817e-07,0.008497307154666678,0.015029231601989363,0.005558050474506742,0.07188809752578723,0.0005637919588722383,0.0002237699768824169,0.0003668031525561346,0.013252230127427957,0.11685162591148149,0.0049662479732791144,0.0010424086907396678,0.0015301837049192899,0.00019633451419702268,1.2615528596395508e-05,0.0007379087749791169,0.00012305604676412268,1.742614198263689e-05,7.367040030925752e-05,0.0015746988284192404,0.020418048941187598,1.1358107111687172,0.0007233275404227532,0.0014371059164316141,0.07534900074435946,0.000337682429029266,0.0012961384172738189,0.0063821546706579035,0.07987014430556237,0.00022411212164685418,0.00845442201117203,0.0007846892294184765,1.723164390235951e-05,0.011577155011391628,0.00023543983303256225,0.04361626393102795,1.8140451109395833e-05,0.14059800961833102,0.11039489725446261,1.3531679546167064,1.677438594255342e-09,6.715711503965423e-07,5.618203652383416e-07,0.0020429354184141753,1.3084421008017308e-05,4.920459215561502e-07,0.08402817498478825,0.0008223487833445139,0.016960856921990383,0.000746403624022478,0.020852177255997403,0.0002682527355329391,0.015033407632103856
MPO,5.1534240141956584e-05,0.01755163271724426,0.00020976624895131167,0.00037272101242191784,0.00046660256473935477,0.06069199008246628,0.0002218511788921181,0.0005467334823171617,0.0005525548480401122,3.442866593012823e-07,9.377827413774362e-05,0.0007981960642331946,0.0010795180487330508,0.0014383312646094291,3.5836638228874436e-06,0.0053620344132026855,5.339426595793545e-06,0.23841865092700343,0.029231426424178312,0.08872198504361421,0.00013526809181726142,0.15813108620496932,0.009420949526433455,0.003132189071615352,3.3435138815532475e-05,0.0007446377477245774,0.002447038852612249,5.302632290093371e-05,0.5558999556649598,0.0007187935922868628,0.001950924724427891,0.0008896408866849577,3.6961457670766256e-05,0.17247676176162552,0.00039151635213344725,0.00012876500906704454,0.0016223180954930527,1.0819396106733839e-06,0.0005998145659347772,0.01446996473682907,0.04614551315020255,0.0024674736912716397,0.0016598986156512129,0.0006885119973568891,0.08736334807004165,0.00443582855999036,6.584821739297691e-06,0.0005660901077110937,3.4593705108495823e-07,0.008779955187897277,0.00025985044064693485,1.3009004465091566e-06,0.0007083872305315985,0.0028726323733424333,0.0015347321503872255,0.003269141585169024,0.0013684196059941484,0.06781159586611912,0.01541777197257908
ENTm1,1.4215355147887455e-05,0.00010944339490592398,0.0005218180191652114,0.00026092502391171865,1.6680279815552328e-06,0.0004512348718344473,0.03669879126432633,0.0014165560752129034,0.0010882029541036758,0.0,1.4901699263475288e-06,7.1623107719693075e-06,0.004867407940661978,0.005571450663172002,6.699863077907014e-06,0.0032042201471930115,8.389166033905092e-05,0.005125750149645752,0.018153661659755717,0.0009978711417530722,0.04182029654389702,0.0008699758569603581,0.014909702759284217,0.12339323471158756,2.807498722557658e-07,0.0027460152330777794,0.001170233715233136,6.959100032723583e-05,0.004976658343108915,0.4586252217075565,9.269558044221321e-07,0.8065120507677169,0.0,0.03620120806024257,2.702457380663134e-07,0.0005049767133388681,0.0009177967756368996,3.9132382254262966e-06,0.5547883813168044,0.0023984237609750896,0.0009964181884711946,0.0034530885800759976,0.5719692697624,0.0023791770628555147,0.009613038431504359,3.799204864464857e-05,0.0036227114861792547,0.044149997701177036,0.017918522383055156,2.8194667449011974,0.03722057230885478,0.02983753191119743,0.006083954620852492,0.011868437680305204,0.003748308905156904,0.00048411078766989946,0.0015979245443610947,0.0006571610045752644,0.9456406245567464
SUT,0.3994059905125309,0.0022931262114365843,0.0002196603853674144,0.00044447914683674606,0.011288741480386123,0.0008526715525714071,9.282720788230744e-07,0.21348557860363082,0.16056715556975587,0.0009082162238328254,0.16076057720430467,0.003906257764935402,0.0005550662831467266,0.001444480771928838,0.04240449586422937,0.056856249796463636,0.0366814151922183,0.008708499822137325,0.0055898306564412265,0.0015520132991590227,9.25299222090433e-06,0.004567980309842969,0.0020105407029045006,0.00019256561557326132,0.0009607304010672532,0.00823659994348443,0.030336533328594196,0.07472907367364105,0.006799172216336613,0.001061221844701463,0.20220613216673947,0.0002265126295051254,0.0009786798748758357,0.009967304301526807,0.10211214210945317,0.0009969364101857898,0.008764179857249197,0.0030790847458381744,6.677099089924576e-06,0.03914065449728954,0.001065059986458155,0.03532778212467262,2.925655929339641e-06,0.19664279281883507,0.14087636693071487,0.28978260699506386,1.531648562355284e-09,3.803748459919094e-07,1.759530590123638e-07,0.0019598181098705544,3.059499558817368e-05,3.64543469852911e-07,0.055257419998424276,0.008037182395802636,0.016185601754993836,0.005517613099938876,0.017388764010009716,0.002807488728042867,0.011649889140374035
ENTm2,1.6678439651362396e-05,0.00013258451390714635,0.0006047464559483808,0.00033054699033659043,2.346763586215645e-06,0.0004901195691028436,0.04201842839416728,0.0017415506081979084,0.0011573222238944777,0.0,1.5763351584549775e-06,7.320858125837728e-06,0.005694318268890658,0.0069583640737915006,6.831488351874881e-06,0.0035874279028897333,8.986443588357068e-05,0.005640417486664196,0.023421350713237806,0.0014600530472734911,0.04391696118504331,0.0010250311159873435,0.0154179920590135,0.12533563988387583,2.864222070008592e-07,0.003781808847246863,0.0014827057235852414,7.131602369229595e-05,0.00688098997939061,0.4470058502577072,9.606562377586736e-07,0.7925503230265035,0.0,0.03791278197032552,3.4387021570964125e-07,0.0005688901841289979,0.0012680018480757526,3.988178069385557e-06,0.556685300387955,0.0033036409438934214,0.00122808170971624,0.00448252287719742,0.5894080885230435,0.00308934259268293,0.0127017010934357,4.5312464881598876e-05,0.0037474499483291664,0.04627156618471151,0.019723031052657047,2.9379054117208137,0.038729656594294115,0.03198174130924554,0.007810682003045589,0.01340495242129965,0.004872127285928052,0.0005414592082789358,0.0020853276429799524,0.0006625488241953206,0.9371298168377284
ACVII,0.0327177067816755,7.042814109635226e-05,6.41867979766828e-07,3.852263513142241e-06,0.006087478607961906,9.983032056097059e-07,6.5660795621091735e-09,0.0006001455146501153,0.0008290741156847144,0.0026136620757297316,0.01633047020080319,0.00047951576469674946,7.91574971059387e-06,1.252578780213117e-05,0.020841677934716384,0.017634018962571087,0.010552225541519715,8.836317186167923e-05,0.00014604961335167382,4.024808121084312e-06,3.5638054173768383e-06,1.562399654142182e-05,6.0889170150276036e-05,2.9236739613140927e-07,0.00027021307550330835,3.24834118270974e-05,0.001296396877888269,0.041701476297018064,1.4071363150092904e-05,0.00018624878754857293,0.13455159746587197,6.939407985912704e-05,0.0061836751925660825,0.0015648689662311561,0.203532999263855,2.1237770638554625e-05,0.0016789510820866887,0.014635824032838769,2.3743034871770044e-06,0.00204933508891118,1.5026507243144358e-05,0.0012976991466028488,3.647683014449939e-06,0.0009636810011781059,0.003756047500163573,1.0115688181909919,2.2715034531844988e-10,1.7794601854723562e-07,9.770560469287362e-08,0.0002326829227226484,3.3591454548950314e-06,4.569265728699737e-08,0.0013283536994462856,9.167745788753406e-05,0.00043342688895279635,7.413590418806713e-05,0.0001300673278115959,2.0101400310535626e-06,0.004904522000054442
NDB,1.6645345113355503e-05,0.011203240716636252,2.9316718589559745e-05,0.00013216202060701093,0.0001314550044792255,0.019884471762758545,0.0004085902929202795,0.00031389509736897504,0.0004908544932039593,4.1931732301250505e-06,8.551457186801926e-06,7.569813856003984e-05,0.00028237975292369765,0.0010808023051696721,3.0936613412839496e-06,0.00013469666939673695,9.4922990692047e-06,0.15081278730044745,0.03542182742859349,0.017937652604766006,0.0022712526884696173,0.023717866395973432,0.1978806035663004,0.026421019550680762,4.8141697639428084e-05,4.074009883384098e-06,0.00016054230393601693,2.5908801235880374e-05,0.11463269574632631,0.01995571442255301,0.00010583982509146054,0.051027411795368044,4.329243367958428e-08,0.3210026874801936,2.0027508186242483e-05,3.0480705602313448e-05,0.0006693207928712305,8.24390983607322e-06,0.04903922667335519,0.013000221069772699,0.01103094037275361,0.00015451558218811294,0.05453736348283449,2.9755405413326772e-05,0.042434433227051135,0.0003584102300612532,8.9994842250491e-05,0.0035632890782962045,3.5718123065014048e-06,0.2482473576234152,0.0017806938899109928,1.7353735381484543e-05,3.337268644667801e-05,0.0033733851087173338,1.98006780139069e-05,0.00098384508269899,8.472894627895871e-06,0.02317153568922095,0.08962351637121983
V,0.6593209189514553,0.0005229930533091398,0.00010146361150324325,0.00025265425222981055,0.019238307620560585,4.3467685124123235e-05,7.614633955827596e-09,0.4516897090563424,0.38537143937027657,0.0011668201188498669,0.26728324068587933,0.005510601671886065,0.0005465206576436673,0.0008942349588786485,0.10240227734834026,0.07368728272806074,0.0856818735992856,0.0022061374320829965,0.006786572214221425,0.0001459542034325593,1.3735884863244705e-05,0.0004025476268155056,0.0012460803853299098,7.280217393876934e-05,0.0013904903419284884,0.0085800865800815,0.039278315019409274,0.14030659219604533,0.000661245784519896,0.0015711918572721478,0.2520222213998861,0.00029439583188273325,0.00160569392912746,0.0051357195152092455,0.140998014853912,0.0011493984564137955,0.01200399330853554,0.0058022362933554065,7.485953342922982e-06,0.05068502915146915,0.000185272589142666,0.06200023851848955,9.01405533479437e-08,0.2991676398465259,0.18560964673562444,0.4447673038947273,5.128021995908103e-12,1.5675613816152164e-08,1.045870351289192e-07,0.0023562076194009736,3.477694732411085e-05,3.4411060434485416e-07,0.07685326914636918,0.0048533469141976765,0.018651692477550844,0.002486053924464772,0.020438360396009318,0.0001577386527396906,0.01544381704693598
NOT,0.0037470889614939994,0.0008419293117689639,0.02250284096261851,0.0017743916038487008,0.006433619556511406,0.000544262425535079,1.0919390133928347e-05,0.00274891927658589,0.001488882455548516,0.00027781346532731305,0.0031662068331467044,0.0003339919000856957,0.08759733218369292,0.19346789731619665,3.24504822395946e-05,0.43787891980221044,0.00016065482780176866,0.005206363738098195,0.05173742451421446,0.0016762574074275381,1.5368034402286642e-05,0.0010285040750703362,0.00034180179506056445,5.562613313817194e-05,8.752166043679006e-05,0.011283584016319834,0.028515033880760474,0.001824745123311519,0.007969449089460142,0.0011868450062057995,0.01409109297298724,0.00025050419053091095,0.00011208023307527773,0.010789145202320749,0.0037948059859844972,0.15533332036908734,0.025330848629966547,0.00016533971601735063,1.330303023798306e-06,0.06263349562224728,0.0008818658638137937,0.04760998664883243,1.8325198855642422e-06,0.02762700058502801,0.3110941223656477,0.0599138792407236,3.4675721455107664e-07,3.587599869050943e-05,1.98364038981859e-05,0.0012539767321038701,0.000527213189292758,2.5640650556435537e-05,0.09933970598147854,0.007628390981660504,0.033941946582871106,0.004594973788530722,0.017151317674595865,0.0007130636564821362,0.10576825224913161
VAL,0.003049785943920003,0.0002478894736045086,0.0007961528615471307,5.232449402709604e-05,0.001115871069657854,2.9223126669676773e-05,0.0012374825699734498,0.00062395332492366,0.0009068254898848664,5.422360771197981e-06,0.0005605029890197793,7.515470279306747e-05,0.003556804949053513,0.005517585923082498,5.007775858371857e-06,0.012050378268316883,7.777104768790767e-05,0.0025190082354148557,0.6386141295935117,6.363923484807933e-05,0.0011411229895497675,4.343505332364736e-05,0.0007059990391536398,0.002371563925322436,1.8997805244477652e-05,0.0003813263359179313,0.00800218691021889,0.00020069977629430096,0.0006265463798811046,0.003262672162066777,0.0015206588314901235,0.003227961924607855,2.590160980468728e-05,0.003971068059033049,0.00025902343514448635,0.0002610810108957998,0.7706680846301017,2.4958172519823464e-06,0.0018499204361996403,0.4368006820675956,5.089582149120329e-05,0.2303730628586692,0.0060735285078699006,0.28459159397047334,0.06837187822093779,0.003420479248839847,7.585981878403025e-05,0.001963663140133987,0.001023836751418377,0.027031292388851092,0.03491207953961199,0.0004092017735618722,0.4275423147018482,0.14117796852498626,0.0033251155268502327,0.028409192033304654,0.0030260265441063206,0.00020868905923857349,0.02165731446310549
VI,0.04188512995660082,0.005764645292792196,0.00029021444621533374,0.00029765086233743713,0.03282475621834759,0.003942305688025984,3.058075523049059e-05,0.014655836457443255,0.012372318098925347,0.001644005529358011,0.04200943285883942,0.010227680611291057,0.0005182654154855925,0.0015302939082216694,0.15866667189094463,0.0798767401139946,0.15235091267439838,0.032621458303995814,0.01808777257333427,0.0039038803411067156,2.623142508452841e-05,0.007089860824280277,0.0038742362326778133,0.00045541157400770375,0.006923325362942266,0.000493698045675663,0.008897149927187884,0.09277277654750504,0.021615014566842547,0.00043265952901465853,0.025967686621491987,0.00025412992211766485,0.000813390141540752,0.06854683175066183,0.023708071313146336,0.0009862067785473927,0.02080879921157135,0.02471027305558927,6.339711649509837e-05,0.053300414952907015,0.0035949013668619104,0.021760763313258314,0.00010148698241162834,0.0032015509035207435,0.08325348162751361,0.3536277584817061,1.3567886352535164e-06,5.985627641410518e-05,1.410937668884554e-06,0.0031894577461210865,0.00028385651825080796,2.8767268978853192e-06,0.012631841757469873,0.0013642868895723675,0.004082403268358177,0.0022610658002591016,0.0019133606759323166,0.008441404527198772,0.010145004206835043
ENTm3,1.643848036287294e-05,0.0001394217405792976,0.000650394215691659,0.00032878865144031857,3.033477554642543e-06,0.0005629457593518616,0.04066979682764464,0.0020086000799740614,0.0012594350747148488,0.0,1.1908802924714545e-06,5.9305174312832745e-06,0.005717425902594917,0.007788339344214432,4.775720599395541e-06,0.003485409188917065,7.0887383292383e-05,0.006111926518639266,0.02551524931848812,0.0019005860942745085,0.04287706465800414,0.0013643393832477166,0.013961342881883675,0.11918176899822676,1.9805050587506612e-07,0.0038022199885317525,0.0014115092190285223,5.976547803989772e-05,0.008901827058122912,0.44313253433809663,6.780615929516142e-07,0.790731590725303,0.0,0.03996406773602618,3.053613339696656e-07,0.0005933672459402475,0.0013640823532824968,2.735819845502111e-06,0.5715376685197872,0.0038071051549605434,0.0015277859870532055,0.004368980890972015,0.6193512822788203,0.002991199939226413,0.014413234465647426,4.7610410891544517e-05,0.00359525403445206,0.04563160828574799,0.01773070129632496,2.7729855450347687,0.035517681811619024,0.029771761916089032,0.007503207287270871,0.012254564147860997,0.004732751532255993,0.0004775549637949983,0.00202443270203708,0.0006556713078588757,0.9399727542157492
VM,0.0017512475356564969,0.00041867056720797173,0.0004464202013248201,3.873088452096123e-05,0.004592252168854246,7.558213198739806e-05,0.0006790164604894979,0.0017288158276738015,0.0010132063162245103,1.4189102402227188e-05,0.0012153563494414889,0.0003045126447406978,0.002017550418080713,0.0012500929066607098,4.224555672483079e-05,0.03049759586748015,8.04228724939426e-05,0.003737345256116319,0.5405817700588009,0.00010917110987259449,0.0007601088006068183,0.00013793562829757174,0.0008356919772722784,0.0008419535040730935,6.403276351724129e-05,0.00014901882276204066,0.01725452477183061,0.0002957792298405846,0.0010630496347359222,0.007198905298814812,0.0026932152362929454,0.005670488401132927,6.154241377159221e-05,0.005104314965352318,0.0007882042034090634,0.0006239799579127637,0.3641320538142176,9.184367081201762e-06,0.0019707772163978453,1.4265925269862851,6.973768882027794e-05,0.06861713395404784,0.0026986445965041664,0.10297484871552079,0.22191394374254017,0.009549379295609405,3.126418636489248e-05,0.0007881404077739348,7.557756829911355e-05,0.03774962003567385,0.0017962281356505678,0.00015392891482779453,0.1015455655917553,0.18941725112629357,0.0024496091912672743,0.023695643692151346,0.0009954769300451595,0.00021670468567951698,0.02634269218795755
VLPO,5.623012743555854e-05,0.01971929652440227,0.0001632987397235258,0.00032971981840764067,0.000509347897993718,0.0485199203987586,0.0003497082616783608,0.0006307733507759148,0.0006515452383005316,2.890755489906495e-07,0.00011255301820598367,0.0009007869660373197,0.0009106740643165857,0.0012248263697029699,3.41279641874044e-06,0.0049743920174223095,4.924665229136084e-06,0.3092779187251649,0.035351721394204776,0.1010452446976005,0.00023000095504472379,0.1544078193139793,0.013406511697245728,0.0027931602897298255,5.335071830332939e-05,0.0006376603746813125,0.002309837860996619,5.343278662521819e-05,0.5937995280100953,0.0007682658481844838,0.0022618422363570863,0.0010215937024931451,4.850587917957878e-05,0.23502847532354246,0.00042635569394943617,0.00010638039559900449,0.0014017780072974753,1.668097184839382e-06,0.0006753696663764977,0.01592127364681996,0.057653339378896405,0.0021726960379973206,0.0020185885201144866,0.00044326310582413185,0.0919626437104845,0.005169468499922295,1.1069472189421324e-05,0.0009937039300564813,2.618342167625963e-07,0.009014518227071522,0.0003889741558393126,1.7738852410598844e-06,0.00034870508180250215,0.0030447622127025525,0.0013711827495829683,0.003101686480207794,0.001188332037677166,0.0639490841370266,0.018696260156103824
VPL,0.003546436453415353,1.887946640813945e-05,0.0002558117480567849,1.889240830236005e-05,1.39199625215039e-05,3.874643270897054e-12,0.0011420875295881244,0.0019018701994599598,0.00357383062415049,3.6699119395931073e-06,0.00011524016959725958,1.4729274844836991e-05,0.0071852770579197405,0.002325340075805156,6.24485059836575e-06,0.0020743916343233873,3.3970367264574135e-05,0.0008009497928686852,0.5797053166298252,5.960793553542817e-05,0.0013305170017187272,6.333231898820543e-05,0.0004303462348309159,0.002307204384688826,1.3344938724381385e-06,0.00025954795431360037,0.0032560998616272202,0.0023644251067510497,0.0003532888652717737,0.005571965941407747,0.0005987693288291726,0.001911594185649481,3.5559753784858227e-06,0.007836799574718814,5.4784633906289415e-05,0.00020531272219637128,0.44057618427739753,1.50047087359728e-08,0.00019150041976973565,0.11734924245370384,0.00017215143494493594,0.4143734460125216,0.005790988616991486,1.0778662607233147,0.0241648179025266,0.0013100732289844349,0.00033258069305436386,0.0022063580912705227,0.0002451554304290054,0.008751220931564843,0.01337574698383768,8.548467715982837e-05,0.400708319444284,0.14700607178912634,0.001655821617377199,0.021607641259953392,0.0026020558263615996,1.5652110690646656e-05,0.04439307073729838
ENTm5,1.6810463341730967e-05,0.00015274675131957222,0.0007328218338060474,0.0003148298075383438,4.764969656720911e-06,0.0007336279433729316,0.037953833080275605,0.0024807379353807514,0.0015002780342838922,0.0,9.193330967247892e-07,5.107907140560085e-06,0.005860373797820566,0.009045704741117693,3.369707118750633e-06,0.0034760283900330375,6.0125877531116495e-05,0.007180045736675435,0.02877094222444087,0.0028028337437943944,0.038701426409366906,0.002105027618501302,0.011631483895830838,0.10470514833321541,1.3631829490879388e-07,0.0035015453362534834,0.0012588530154992415,6.206645916236297e-05,0.013166672331356356,0.41815354248918146,4.6628243116040866e-07,0.7588850442742399,0.0,0.044172335314503965,2.756338674094189e-07,0.000676363274721183,0.0015003286651652402,1.8199265520464724e-06,0.5698427314870715,0.004856929347281998,0.0021300575717470307,0.003987664384737593,0.6411582438192693,0.0026942565827801795,0.017547074868102853,7.34645198157614e-05,0.0031693714730342167,0.04213059762225794,0.014975172245946067,2.409654330521336,0.030341968028956633,0.025877826933764572,0.006725139215245616,0.01062199486035095,0.004282289831950167,0.0004013636050985081,0.0018256501472998763,0.0006610193785254999,0.9380077259953478
VPM,0.006262781540821218,6.438926896938681e-05,0.00024777622833745263,1.589976002633334e-05,0.00013302536608736937,2.905378961587856e-11,0.011135524873972466,0.0012160975371593033,0.0025674772347534388,8.977414234366855e-07,0.00038106913737779587,1.8649461031251787e-05,0.05171176828286179,0.0024528535337571453,9.623391861223111e-06,0.00527738901606714,2.2463355082328634e-05,0.00021062178406280844,0.4558776344316668,1.3487621476604326e-05,0.0004238978408805891,0.00012165938357083832,0.00032595158924417493,0.0005276690084530694,5.771402224646601e-06,0.0003271006237275266,0.0020561763597757078,0.0023900839186535108,0.00014933619204855297,0.005851260605546559,0.001040120410902871,0.0013741413449860059,1.320694540631153e-06,0.009460069941765948,7.276086303326955e-05,0.0005749785367623318,0.18044005691354753,1.1160684451150732e-06,3.201738459442966e-05,0.05844162021850922,0.0003262176066888588,0.42128751632949096,9.581920463292038e-05,1.2010745836270975,0.01206706333474136,0.0009770469280772735,0.00032175782089318333,0.0012379909337920214,0.008125933886269844,0.009265389763432285,0.005891275989210931,0.015269583780552742,0.3661444972628361,0.17589594071998862,0.0013966063108544998,0.006361211197370907,0.0029942872015888706,1.2247567826273455e-05,0.04843895611523336
ZI,0.002910018297373187,0.004248685552819514,0.0020272647345541835,0.0009124751385768253,0.02034902321560419,0.00569250968585415,1.2854464720402603e-05,0.00010347645859420022,8.247196321983895e-05,3.700077607883683e-05,0.0047233681245943075,0.0005288951215766161,0.003070892648429701,0.010563102925371855,7.80831741456089e-05,0.5757948569923543,0.00012754380565310522,0.04504480651710642,0.060465221259388136,0.006655976671023634,3.298062132329457e-05,0.007118626283136605,0.008955173339759153,0.006116982284925756,0.000649393507619172,0.0058299230156968205,0.08859255853511594,0.002804280388518268,0.04722711767047242,0.0009834076818674951,0.015514380630217615,0.0008675413820242989,0.0003077602412967116,0.04316111482962261,0.004788131775690793,0.0066834587075099905,0.11849226950040415,0.00042814072725863545,0.0004359875453090134,0.2488638678516544,0.003652820792013828,0.10434887482403107,0.0007842399585228545,0.10418027410385257,1.1630510814058013,0.06358139514925713,1.2234672727526393e-06,1.7600369847162693e-05,7.256720584537252e-07,0.011254081719392614,0.0007788953349090953,2.9278254708711124e-06,0.2088818484589135,0.8163247735618283,0.0271444262587129,0.2788146950743165,0.026433880535729853,0.007222445086069744,0.03635092474104028
PARN,0.17255500503584772,0.00038830284372981245,2.529198037731911e-05,4.6643252742667344e-05,0.008129171944670664,0.00013086412025103213,8.081203506413142e-07,0.008113575885131818,0.01705393353104786,0.006341923288640823,0.05086652362045703,0.0012121607005593372,0.00016598616320865202,0.00022477216364520775,0.0643088731944196,0.043405523179481105,0.02845068292528564,0.0016972388630513177,0.0018378939884751864,0.00027534033559379115,2.71372896843583e-05,0.001044621736929368,0.0002882161098803661,2.4374394028367606e-05,0.00022529349476893413,0.0008176393044856694,0.008834111312207125,0.3178049435024496,0.001159639414364933,0.0022860684957732285,0.11856499814583155,0.0006554596343549659,0.0024885725851244668,0.011362689938901016,0.16307700831659389,0.0003273168293873243,0.009843064943911677,0.00841732411440443,8.176619118213707e-05,0.013969437029317203,0.0003896449325723942,0.011544875534806407,0.00013381940810495868,0.020403930064223186,0.04482553487982768,1.289580127175211,1.710710466164934e-08,5.5006180383197e-06,2.37173444325962e-06,0.0030644240431575557,3.3174270882345415e-05,2.541310373976687e-06,0.023004062827341312,0.0010218006099759127,0.0040960893312372085,0.0011572982741018872,0.004135340581687114,0.00033434405309194966,0.025067429906051455
VISpl4,0.00014596470919720235,2.5726993594273854e-05,0.04847563044465317,0.002824741590563712,5.570605971341512e-07,2.960038778326667e-07,0.4540730476284092,0.0014489889820781608,0.005640459604918425,1.1255762072625625e-35,4.464012161532747e-05,3.6099980082035087e-06,0.43084736207118446,0.2595863863507175,4.2785075511808613e-07,0.1296610645364092,1.1088557801796695e-07,4.259132246215043e-05,0.15144346756216684,9.077512231244312e-07,0.3337973965484867,0.0009066809842764262,3.9159309455798086e-05,0.0022949001659462644,3.018755393337197e-11,0.020951298383888064,0.0006060867648158664,8.014447661042597e-05,2.2928048447038757e-05,0.03076181717261486,8.447584587861209e-07,0.07976045600805431,3.1333674124825423e-11,0.011008038444440212,6.90916851145377e-08,0.11436637128633971,0.0023201234192101686,2.5316407447233814e-06,0.0325348439203213,0.0009958086194057914,0.0006992868870958694,0.016731682132620003,0.04277600735574475,0.021451626813794315,0.016436960409812258,0.0016906181097340895,0.1332713611868169,0.46532584279183076,0.1269811306683091,0.5689349628176797,0.2412587031060408,0.5110895528701836,0.007488454549889431,0.01107308338243515,0.019682674115032568,0.0005304149231953549,0.010778906122282052,1.1201400203498171e-12,0.1484936043506154
VISpl5,0.00015861424122908695,2.471291983469388e-05,0.045259708556746554,0.0025726539065368216,5.174065184014262e-07,3.6102582857337286e-07,0.41663729057769966,0.0015048242630371134,0.006018502055891571,3.9136930926708996e-33,4.6832320459554605e-05,3.8116662731469295e-06,0.39957589988298187,0.23958018765166436,6.506057396577487e-07,0.12109615237329992,1.6863844824380813e-07,4.059427580089071e-05,0.1402429270241556,1.1845103401484369e-06,0.31675344909620096,0.0009789429911844054,3.6267881597900405e-05,0.0020882345496385673,4.054620696773079e-11,0.018944124601327002,0.00056118128828618,8.72383221949931e-05,2.1712358445634006e-05,0.02836100698118357,7.486841923088239e-07,0.0712521905050512,2.887732644193065e-11,0.011534438502716236,9.178093922333981e-08,0.10414058317291496,0.002204784829137392,2.7675525380966837e-06,0.029686636384290588,0.0009370981577155091,0.0007526825592459712,0.015445730610707786,0.04008080690118345,0.01991583760236087,0.015098912315819116,0.0018425813394218468,0.12971931786135518,0.4520735830023222,0.11504424253691625,0.5080044725578974,0.22023886536555562,0.470781741721119,0.006969382288067173,0.01005493997888731,0.017877462051040297,0.0005343954067630787,0.009763966239450353,1.1607567471906011e-11,0.14233119614113265
VISal2/3,0.006048792970718869,0.00022531653460794744,0.06325834061436406,0.011224358532706596,0.0028834201266736874,3.5018453308120365e-09,0.4500716847964709,0.0036889706504856113,0.004933932533023561,4.133267160015144e-11,0.002882060228831548,0.00022030632564238196,0.41980350185102183,0.24314398582507862,0.00025348648499920056,0.672357938466204,0.0003479731992926923,8.679622490323652e-05,0.29239914191454774,1.0789056944419111e-06,0.11343884804540069,0.0003045272439397641,1.054008795888258e-05,0.000290629588408693,0.0007239578769648208,0.126392407205944,0.02594133763347113,0.009332582900576203,3.0621537824302655e-05,0.015518563890593662,0.0011571527368711366,0.024504695165856176,4.447210657312347e-05,0.008025904787173296,0.0001339849604824756,0.15127385823907177,0.04622382361254114,0.00011844753375198707,0.0079238585889859,0.026400065168726373,0.00025909110085565096,0.1376669522192211,0.014251687649268,0.14433116604412569,0.2868228801053571,0.005562441916910263,0.01567677374223519,0.1089661419323434,0.5082049694396151,0.23773945763230617,0.14742668902125974,0.6436992578008036,0.11419442938889636,0.04018322048231846,0.12775722228452932,0.0017677408715373161,0.10747901168111568,4.398823694647525e-17,0.06817405466320423
ENTl,1.924659006866458e-05,4.3837670048853486e-05,0.00022522133747102666,0.00023466749850414338,2.079812050357684e-06,0.0010901242245322268,0.03200485197452598,0.00033249699044505756,0.0007369380982491563,0.0,5.2626145538632e-06,1.146020993753018e-05,0.0028469475333946386,0.0021137500508227533,7.895674739898137e-06,0.0020376343697870894,4.313831308770078e-05,0.011909028268375994,0.015040704891720871,0.0014365110089879624,0.03922531507935535,0.0013917750114846926,0.05288573385845483,0.3922352964799747,1.6620251424826902e-07,0.0026488393295847202,0.0012364493549648187,7.300605933683879e-05,0.009074152921580703,0.4064841994952947,5.656544522697126e-07,0.6276911360710036,0.0,0.07169584873560123,6.935914194619126e-08,0.00017799326520392418,0.0009595344046232804,2.430859215815799e-06,0.3108762232528882,0.002890156373940381,0.00195760272545346,0.0032634117266259043,0.2739567088564438,0.00229570274973296,0.010732458731021202,7.908297090536643e-05,0.003343065805143403,0.02815311668540345,0.02777056108746276,6.430161647105333,0.036434750353458986,0.04781613543870959,0.005827747412186342,0.02209431402569371,0.003576655259231878,0.0009072215622362893,0.00153017639514094,0.0018278756172768757,1.3885764341450653
RSPagl2/3,0.0006195383420452249,5.62872539523584e-05,0.02501211136205474,0.0032159198452110013,0.004383297812281321,3.7605681206930314e-10,0.15206198613276936,0.0013595109544604165,0.0020112668074788154,8.704030372840772e-08,0.00039820596723819405,0.00018237060933188338,0.2531518165630332,0.1714382071410824,5.85557781173283e-05,0.4466543007417733,0.000494685854120433,0.0007646675379381646,0.40241944917752626,3.937505936079161e-05,0.04919305522478614,5.069930186348387e-05,0.00016635536304194398,0.00016721243557770045,0.0008702777733788512,0.014934971169565962,0.026831672809701102,0.0024137343771653795,0.0002429977892057346,0.004329480264443878,0.0003437174099205465,0.00477363344687281,7.212163259334666e-06,0.008140907856829213,6.401232116989656e-05,0.06459398516155634,0.0754037505770942,6.801174701289782e-05,0.005283724384506261,0.07540390098539917,7.336488472026848e-05,0.23220532570409527,0.026794189800584813,0.059169036441686695,0.4598073599347332,0.0018999227872347883,0.00906460357627129,0.08875996746371423,0.05872099974090322,0.0852465430977583,0.4654946589296131,0.08905093391100682,0.10798101444429493,0.03434533760141468,0.050030553713160175,0.003985677675979438,0.03910876864677141,3.28087712466053e-05,0.10071819109548442
VISl2/3,0.0003005582402722448,2.8460355200825105e-05,0.05832508918791741,0.005404701171910929,0.00012153561675328574,1.7931816448404532e-07,0.5361933711456452,0.0013791409105961677,0.002581736627932565,3.850763939731399e-17,0.0001486220720814069,2.3116539366401992e-05,0.5460729011661649,0.2897585733950925,3.0354773633555764e-05,0.3070086709897764,9.030962947556558e-05,5.0645518837204916e-05,0.22777023739396515,7.962613754672359e-07,0.2249006665915407,0.0002731610119540778,4.373294446037877e-05,0.001965867620642218,3.0273120315214758e-05,0.03843505495571346,0.002680367155319945,0.0003473937326040158,3.5624508802308475e-05,0.022573583246573943,5.190332578506167e-05,0.05874261290476228,2.570646631413013e-06,0.0053132871341496375,2.5781871571510682e-05,0.15303385753164758,0.011433713893800664,8.266091313648629e-06,0.022270891477642264,0.0035201417547948495,0.0002039322531415708,0.04410647707351855,0.034576951318704426,0.05622213312777705,0.07600497095243823,0.0006728226552348068,0.06847388578155376,0.2801851124872674,0.22601658694773633,0.4363742178635757,0.20025713409339574,0.6554961896600221,0.032693400471187795,0.01439765761379512,0.03945665125030713,0.0005001481496741164,0.02883123544078181,3.0029260269937865e-16,0.11241164626059824
PO,0.0031760515537843214,0.0004918539973571131,0.0009181434641703279,0.00011050869599114215,0.0010215253056305102,6.741765550224148e-09,0.009727982661969621,0.0010229529221511798,0.0014980154802760254,2.4832646900505885e-07,0.0002985122218251563,1.75755413902762e-05,0.027099437716893385,0.005397659628108189,4.064563021463309e-05,0.05549495490208875,1.99360118313143e-05,0.00036143951889616054,0.3716743670514968,1.3747319683546008e-05,0.0028938266822770642,0.0005124539751581976,0.0011848774115636464,0.0005598538005291912,4.7863604125611196e-05,0.0022196428128165176,0.004879049823878037,0.00035310677033333613,0.000746263879642177,0.004738141547741354,0.0007203780791164194,0.0017162872144684178,1.0438058768883442e-06,0.021161028919757532,5.610968458156877e-05,0.00219730503480647,0.08957544461718751,1.3992000514123707e-05,0.00016276696287928502,0.046784791697669095,0.0007155274254032802,0.2822304182679631,0.0019607541101227,0.6295129534249226,0.05298116078445945,0.0003926125296229822,0.0006553684643951302,0.005057249329243839,0.006009150778172171,0.016411529728295883,0.019297183619149727,0.008430053881227171,1.0344492730949315,0.13181872190842037,0.010744608827093669,0.003623386457871415,0.004411438515439149,9.468639868050637e-05,0.1239884981254516
GPe,0.0004435998890541908,0.0003028014488392338,2.170653752024441e-05,0.00017434210903190584,0.0001764390444472935,0.0009020213549152914,8.010469787406049e-05,0.0004022173000109301,0.0011960630574845044,4.115968612222101e-06,0.0004034011343500328,2.6898379976436094e-05,6.354954354821983e-05,0.002007836298998051,8.748261245890573e-05,0.007884297793142904,0.00010200475626353782,0.025495026783699894,0.6585966438186952,0.0005852377334951788,8.231742250249599e-05,0.001155864953382025,0.02726518137207438,0.0434892231430375,4.349318508043135e-07,0.00012986022852130673,0.007782128558638895,0.00020753832885913155,0.009779512410468393,0.001534260158438041,0.0024843929039194638,0.0003662216621030992,2.9132877773190133e-05,0.0206183894792828,0.0016437862986955496,0.00022512081874206922,0.1902387377980275,1.2765473000816517e-08,2.2369844837792774e-05,0.164776478384976,0.0003954676214566634,0.046931304692892965,4.632778835751179e-05,0.034654337664753995,0.1818324147792351,0.016260433864387882,3.255000034956878e-06,2.253330904545859e-05,5.7920751045363373e-05,0.016154424798540852,0.00010277483286468246,1.744575070774438e-05,0.051892400799252135,0.8206934850731102,0.002747426714915569,0.1613913740637917,0.0008370247848376413,0.0014905102704918505,0.012753517589571831
POL,9.367960364369392e-05,0.00013813777341925007,0.002234233622697989,0.000736330822444176,0.002420262404164548,2.7192108302984603e-13,0.0317532229044876,0.0004115442830649943,0.0004259391366831329,9.753102199479654e-24,2.7335822847373638e-05,2.773259425629264e-05,0.07025888788898225,0.021036304627687026,4.846757002792952e-05,0.13563843148320087,2.359470320498183e-05,0.001074408206826922,0.3679947797444604,3.13639023298279e-05,0.00509719718943281,0.00022388438065706418,0.0008150284013311155,0.0036383947544661992,0.00011770344612308277,0.20800174980408928,0.036363874870498455,2.647132468204501e-05,0.0002997721822687358,0.00517487150063511,9.746860640006944e-05,0.0015576392112212252,2.0972749887601584e-07,0.014392900058759947,1.9209840132775714e-05,0.00970102457412663,0.005989474612211168,2.8877357418235963e-05,0.00012291918601678006,0.014614838016513686,0.0005311179478740723,0.281300147137883,5.133709483242396e-05,0.3596328094049904,0.2597967448813442,8.923996732802731e-05,0.001454120045247797,0.0107017020099718,0.01657972382247193,0.03001561591076901,0.01569728880462115,0.021290048691231418,0.26844359427807485,0.26762786862625587,0.0753752010881898,0.007950874275391293,0.2771744396305668,9.839344572709268e-07,0.1260439260764614
GPi,0.0009468613421071356,0.00023190826034516108,6.81493014051039e-06,8.454146300546254e-05,0.00015616294106100007,0.00010526858883312233,4.977116152519626e-05,0.00039677623081447495,0.0010763662988090047,1.679923169211203e-05,0.0012408262010613713,5.83567565113502e-05,3.096065171478996e-05,0.0010191835518785959,4.204571418968391e-05,0.005180813903271555,4.955659337869495e-05,0.028938029801981974,0.37550769306717446,0.00028243438174205363,0.0002957797465110729,8.802031990783697e-05,0.0925224240054468,0.13066291733377708,3.39296823197282e-12,6.730046565526577e-05,0.005423998868412359,0.00046800438316143455,0.003648670012103876,0.0010841617728232088,0.006031515894281366,0.00031547969835608007,2.0152978756945618e-05,0.038389475194274346,0.0032199943139961064,0.00012596775813546974,0.09511371407749428,2.4336860889655534e-09,7.431985300451788e-05,0.10141229663728539,0.0002998256415305379,0.026888971695138406,0.0001309674168525008,0.017055755745926566,0.12493048030870792,0.03696327899605154,1.3827124966257555e-05,9.644519738728886e-05,2.8207259654444e-05,0.05453816784249946,6.529389803247126e-05,8.496036587899861e-06,0.025948824605834767,0.49081380165646254,0.001744876599767358,0.1084294581001889,0.0005428225988476497,0.0006036283186070895,0.008675292662511755
MGm,0.00014528501486804393,8.635675155439738e-05,0.00042011429089808424,0.0005195194886520484,0.0008869664803308868,2.4252392139730353e-35,0.010596871982393275,0.00037624177631704204,0.00018519924507246193,1.5873602443685967e-17,1.717487940488007e-06,1.7853637007436675e-06,0.031619098097399316,0.004353883390070152,2.4111607996428574e-05,0.017043487742795377,1.2324133152875717e-06,0.0007221968026284864,0.3695364852599323,1.389805668720017e-06,0.00041027813951041524,0.00038105529932282357,0.001168502609077289,0.000836105663439602,5.201596464866286e-06,0.05905071604941535,0.05637700884438306,9.834021951255356e-05,0.0004704235437985205,0.008466758708592504,9.944450488651768e-06,0.0019426931169346355,4.540015899748326e-09,0.028541724183738938,1.270530905312368e-06,0.0019572137712104616,0.0006089201483951734,1.1823126852299189e-06,0.00011162198220865814,0.0016675796179934704,0.0012405774628283996,0.5093883154380713,1.8429193141566965e-05,0.6358404995709289,0.2903950163717932,3.4614105918614704e-05,0.00021811773766620263,0.0010153162108217707,0.005422169174015146,0.03795121285801185,0.000844977950455692,0.009433018111406885,0.18385459959250902,0.4942134242380458,0.022088898860021453,0.013399041872047173,0.4561743320784158,1.4508641924196613e-06,0.09420432001799227
PS,4.030435324611124e-05,0.017945162188002527,0.00010568551703658208,0.00028016992563011057,0.0003961074275871184,0.06733072411230151,0.00019922199341336678,0.0004336134602631387,0.0004532411821621066,2.900483506291105e-07,8.274844629538299e-05,0.0008134582789769856,0.00047982744976919584,0.0008483320489794688,1.6071363924853521e-06,0.002741554538952712,2.5385829082422993e-06,0.2310748123916095,0.02533098218258793,0.08870059294302579,0.00012582684585339733,0.14024859552313812,0.008464765003064707,0.0022907274591873537,2.7801132637791602e-05,0.0002782402043423791,0.0020615305487973333,3.933931014860297e-05,0.5693568676942233,0.0005621221393568257,0.0018910845390982243,0.000719618725083116,3.573198693959511e-05,0.16248858669905564,0.00038431950954284595,7.467956944614259e-05,0.0011431665921281284,8.580942391476583e-07,0.0005404121749590613,0.012220493550437759,0.04318070210351134,0.0018180915532162816,0.0014810382322653936,0.00029868434191313736,0.07970361482978629,0.004246061087213717,6.218821462185379e-06,0.0005309451629174854,1.1806192286980844e-07,0.006824941651225996,0.0002395537587105076,9.347862885762238e-07,0.00021483407395115662,0.0022929934493962248,0.0007557816463767317,0.0025340100521292317,0.0006559822104528245,0.07440414977263393,0.013197304161492823
DG-mo,0.0008689512967028382,0.0003660735062068725,0.00022580681540768246,0.00161188502977917,2.0227908511542886e-06,0.0013310080662667203,0.0029770739826658487,0.003222168258433178,0.009054662238733578,0.0,3.924836009610821e-07,3.999698984876989e-05,0.009767971778987425,0.022642945265062796,9.322655467758912e-06,0.00034139869763579465,7.569892092436934e-06,0.018642880230792764,0.006462597268279257,0.002584830454827071,0.0030672540645496874,0.003888954716027209,0.004440234235155644,0.04775552244275907,3.39185348022308e-06,0.00018077497468148987,2.4191765875798954e-05,0.0008645733653595592,0.018117578161262454,0.08843553439649213,1.1784445873015449e-05,0.14599666253818022,0.0,0.2105537351867212,6.145806371030293e-08,0.0006213894105977844,0.00039722829590255383,4.517921838342022e-07,0.09470994500720348,0.002988130773922521,0.0023040495699227647,5.372973680549242e-05,0.112031310585391,4.774197513184534e-05,0.010330837932720612,0.00205668162334398,0.00015530979901845618,0.0033465719747155917,0.00038073371258127276,0.3065141531185481,0.0012002908269056246,0.0014109167036621864,2.1314731863660268e-05,0.0005052163280246762,2.291422290206201e-05,0.00019222240181170368,4.128846914922264e-06,0.0015440462598130147,9.132969288040151
