,PSV,IF,IGL,LT,INC,ADP,VISl6a,DCO,VCO,ISN,KF,LC,LGd,LGv,LAV,APN,SUV,LPO,RT,AVP,VISpl2/3,AVPV,MA,BLAp,SG,SGN,BST,SPFp,SPVI,MPO,ENTm1,SUT,ENTm2,ACVII,NDB,V,NOT,VAL,VI,ENTm3,VM,VLPO,VPL,ENTm5,VPM,ZI,PARN,VISpl4,VISpl5,VISal2/3,ENTl,RSPagl2/3,VISl2/3,PO,GPe,POL,GPi,MGm,PS,DG-mo
PSV,417.13720130978913,0.24861064581852857,0.05708154117747477,0.16141567060540138,13.095483992554126,0.002751580620090472,3.8251533022988233e-08,317.2813403354939,290.4315148966917,0.609660944750585,162.56588002061866,3.851411422326184,0.3735758158637825,0.5412655038650038,78.42530532905467,46.43035697971829,64.81042560999255,1.3643043956868854,4.704706612555422,0.06274664545353925,0.009801086004122446,0.13292481093045203,0.8235241442928716,0.02965691177057233,0.9189368675618932,6.140059231323012,1.2326703156313237,23.635371945317637,97.82986312590657,0.27626957493501236,1.006411875008482,139.72739429362278,0.17959803959500897,1.2020347267633575,3.2176990449504568,83.68997611602337,0.7870395222400535,7.1645109311746635,4.239913016696236,0.005522696033475575,31.12462183806329,0.10895006491703828,43.671245438239986,0.00018088356063535691,170.58207376704362,119.93255540558587,284.66784708185656,1.224070727749211e-09,3.1543937413011e-05,4.780268188342827e-05,1.5776996594686155,0.014291245281624957,0.00026666481013549103,42.33161599648147,2.401750937459201,13.092803049038892,1.3889915460698816,13.706191040734646,0.022287608265685294,9.698037464079563
IF,0.42176328714834627,3.559037716751971,0.014819345875689484,0.008678037970952077,1.7061523877304858,0.17479336991086583,0.0008604391928980844,0.058639672116245795,0.15538433932146786,0.003533572710738767,0.23980601176387079,0.03661428237019388,0.03290163349276996,0.10145821785324473,0.032083182181147626,2.6939110077639192,0.06820219322229176,6.3746991527394306,0.4615136956276872,0.33513442664783194,0.007398937727665082,0.1955940096857885,2.7343455895227096,0.30203894446281965,0.040948779052938915,0.011865920242694087,1.7092500544135945,0.43833449051131357,0.5519172799627657,1.947441794072062,0.40166385063017485,0.8052859775542793,0.40022532873497135,0.009991987841311454,7.810354357176293,0.35977137265273657,0.07386672726068352,0.4981742101362223,0.048266394976640516,0.1486349495652458,2.715920776189338,0.14028565875612528,0.3486567179268721,0.22113361835267673,0.05505648304790458,6.989472754040905,3.3720878510485353,4.783021026934346e-05,0.005381829883157662,0.0022769445032999893,2.1320529166862925,0.05700795525962782,0.0007111009814930822,0.22644420483840694,1.8904989117595001,0.11764891467132113,0.6007855522700607,0.04859178959792841,0.5637138407668323,1.896441041433504
IGL,0.01664184337311295,0.0007835511307460711,0.035860016701904626,0.008282698354328464,0.013532623644617603,2.4942576759816807e-21,6.941044507150338,0.00790501060436775,0.01586046307892406,2.304613836751173e-14,4.7518846727963245e-05,8.990397695017817e-05,28.88115678584816,0.7038635926213905,0.00040375398009182906,0.30514026946357947,3.113776893089509e-05,0.01155809581741611,16.604951305435346,2.392288207677458e-06,0.08631197684603077,0.004366126180240292,0.013871329185715644,0.009366410886505513,8.943323913483459e-06,0.8195669849383425,0.05700805271597033,0.9343858198661895,0.014856730057307067,0.007725041167518139,0.12116833823550943,0.0008064334184703785,0.02079677746557414,2.4120239783703103e-09,0.3054746665652622,6.258491011122518e-05,0.1703228124228083,0.008680504377809348,1.9251224844828696e-06,0.0016579165675954647,0.01880697997133056,0.013151386949985059,5.915983288107396,0.00029313670893744715,7.1449798995277085,4.709819964501996,0.004703515851681045,0.17447398483052015,0.4023209071625041,5.0626818737439665,0.5841377756327815,0.02224936334066022,9.755055399591596,0.58858591662426,5.883362704802099,0.3157408082191425,0.21383465052725834,7.492942542430301,1.4002712471212176e-05,1.2251756455480916
LT,0.029676870411769214,0.018779334777520848,0.0018567740853246565,0.02632395006072482,0.080362747360463,0.01833555583467812,0.004915257331985885,0.005376195078332031,0.005905901801086198,0.0014247560381961456,0.024939909503577058,0.002787664363356431,0.018819814542395258,0.024309614969728846,0.0007519828193000589,1.3768300749090945,0.001558153830913731,0.27264151518959845,1.019370444104711,0.023598396587555543,0.0003869537350593944,0.03748073902548872,0.04430702446483514,0.12441238616739805,0.0003525078970509133,0.511493571311617,1.134985345395676,1.0167800506562508,0.011233107574194766,0.44629803596979345,0.019297409962486328,0.17430463569333626,0.004904272089515742,0.0005693515054217984,0.15846956408814333,0.06608471078083569,0.03187715068148892,0.721346488881454,9.992281994227118e-05,8.638877555887354e-05,1.7579613310714899,0.01701510189498766,0.6732915361507261,0.0004795147282308208,0.6966658274369275,4.506235002722861,0.6510917838337827,6.270163705637483e-07,0.0004556235130096552,0.0003265025018072808,0.03435657692913066,0.0019435703328106529,0.00010757478367318248,0.6417403896899516,1.7890556794086585,1.0967658152652804,0.7198743669193142,0.9765221408646988,0.027206691959838058,0.5545987464814696
INC,0.6191704565198107,1.0775010623811108,0.0500235762199423,0.0130775253294603,2.095256851821125,0.03226916744797834,0.00011750386533098256,0.04355463117519251,0.07422974764337661,0.0026543655378017876,0.2788275093385404,0.050057885423411344,0.10500586804812799,0.21798406494477082,0.04093756711674663,9.455483003871208,0.06270571271881906,2.2861661328339062,0.49270837632404196,0.09425364137504952,0.004647870944919296,0.044013951648036766,0.7706221922262833,0.2837342965456234,0.035642312907813896,0.042726598487063394,0.9497440489601061,0.739053070671477,0.6919316002951211,0.5382794537982805,0.1048802292996908,1.0266975904930722,0.06791435018428985,0.01983391207855639,3.547430670707365,0.33418807616748797,0.22820439255853903,0.8808832315561883,0.17006906210584763,0.018544087892692993,3.389406082011903,0.047274081764520595,0.7162399338808814,0.02591527114263152,0.25720488243810324,10.02271779818938,5.096867032764552,1.164501807265345e-05,0.0006190275088207916,0.00029773515771688554,0.23914290658843143,0.0808039472028981,0.00010458438018261777,0.8846325932490765,0.9501830459654291,0.400106629330108,0.3279635091440016,0.16231092228055663,0.1601453996319116,0.7065790234186516
ADP,0.0012986632199556893,0.7197213215040541,0.003198952493662909,0.012379903178340793,0.01028745874808192,4.2262352834551855,0.0038724906841708408,0.016495739520321583,0.0185704872688432,8.776111184460276e-06,0.0024484103337181935,0.031334244416223005,0.014173654470610777,0.02897173133098323,3.185199565573716e-05,0.07320686212456293,5.9949508285167466e-05,7.235094178441815,0.6895521135158011,3.66173035412738,0.0018717829951872744,6.815617651274207,0.17028085409630583,0.08102390597920157,0.0004608419883583275,0.007846588792547371,19.144981624548247,0.07638497809818934,0.001095088037075567,25.1651073894025,0.022017453384393905,0.05579764915397743,0.021835128035560154,0.0009057856453938224,4.756425794982138,0.011210166189363973,0.002746238793111984,0.033879523241745625,1.7340507586650662e-05,0.020318134375666857,0.3370692416903346,1.5243146031306527,0.05579651785190716,0.04755715614138333,0.008174842999945838,2.820354993069352,0.12128299280602503,9.232290469146661e-05,0.006929840754686425,2.3320478621521276e-06,0.2101126688287038,0.005087833642709143,1.4268076507467118e-05,0.005383338046144024,0.06395307695824512,0.021430178613210518,0.09121250894558205,0.018901053778557234,3.8597790093898383,0.41798553675343303
VISl6a,0.03469259451112674,0.0031580169558102253,5.41432469208879,0.5305468802045283,0.019482934134269447,3.6678828183060823e-05,52.36515958811789,0.10964841969511759,0.20613897774688095,2.1624335862637335e-11,0.022602900691869543,0.0028165677555784204,53.75577918666068,27.906796723724565,0.002814739487497117,27.052829944464534,0.00628738059493077,0.005725618204858517,22.855965379128335,0.00021190136317461523,21.081194964315824,0.02118905447518973,0.004901330304366,0.21551555648224438,0.005025032468858961,4.5767728614687115,0.062050729691157505,0.33497450367744996,0.04928930253666487,0.0042393881819235086,2.1814134528182088,0.008589002455911965,5.770676565654063,0.00026310227808230716,0.4526426403412154,0.0019642375742889785,14.180886350641806,1.1820310846135405,0.001028683086724081,2.1797159560944617,0.43161230325218897,0.016374979733815173,4.5727107160096025,3.464500743082909,5.68314078444573,7.033354151651371,0.059259526547591986,6.5230844465286175,26.723591764790005,21.162566844934855,43.697784695467725,20.65327074832683,60.75450069581857,3.0785589807940976,1.637673558032604,4.154362658618889,0.05666205300319782,3.164515050431719,1.0539683566051614e-11,11.15991971338251
DCO,40.033180174165565,0.014126637981276663,0.015916938780697294,0.0013242747204716397,4.061347094175734,2.9238314378406886e-05,5.447355686965765e-07,92.86092854648948,282.62279408604553,0.6959894688882865,11.07220585809566,0.3174767060237381,0.08172020909270508,0.03270437841988719,165.83497008034726,11.03969010427021,31.758697495171106,0.004539313902578176,1.1248162183866615,0.0010923096875890682,0.0236270018160745,0.0999420198173146,0.008493228502643412,0.0013788181030181062,0.06680145206779235,0.18930195343116776,0.0028286143062773756,3.139547469319639,112.60521525649344,0.0011706696975347962,3.6764391273940276,4.940489452458095,0.7788809532172212,0.1573575023256678,6.980297574406763,6.480464549058206,0.04406536476897254,3.806644435832372,14.684086030558248,0.004694780450144458,7.433554190894404,0.07214628549820314,14.837969133941023,0.0006885430162631655,12.299777254565344,15.668660286124647,140.21552160822944,4.373844059866441e-09,1.066561722028032e-06,4.050289622160177e-08,1.5820747163141495,0.04848766625235249,6.690273802393236e-06,9.930082965914357,0.029728613697508396,1.4097715296158397,0.05502892141360083,1.730358888494351,0.00010627557537293064,27.2373939032768
VCO,40.94387045461745,0.015561495505017342,0.014456630563091254,0.00042677732431985714,0.218598582306628,2.733307591624258e-06,4.2997009698399924e-08,280.7309804333142,894.5629908814906,0.2061236620442856,10.828627515430565,0.023198500751271108,0.18067577774147325,0.004492738580682075,23.70326882205495,1.4837920549796129,21.037817717491418,0.001507267472750806,0.07034905824003569,7.205891120421498e-05,0.012862244785940714,0.29229981798739435,0.0021158121601671685,0.004295433670877943,0.0017686263509323055,0.062249820452400406,0.0009997054178862328,2.631735166216286,16.366646206554936,0.00023406331184713032,7.291801463971834,2.810326997328186,0.9586933301938163,0.027106200274212875,15.59818025840037,4.801006595786646,0.08224684711444412,0.3489694338371588,1.3510146493239703,0.007106272912123902,0.42224399288189135,0.13313385590885357,0.6864870775048908,4.943170399110432e-05,1.3622762061981208,1.3679005698085216,47.03711561508926,3.066637867298557e-10,6.95328739121458e-08,4.920613460854433e-08,2.180487292483471,0.03906607977797985,4.89274570308901e-07,1.1866264728618976,0.007927303510035955,0.29968212872007943,0.11311501244457625,0.24075519629439043,9.342941464192855e-06,60.565297807547786
ISN,1.5164430515891778,0.0031496846711430433,4.009704352441608e-05,0.00017357232266205095,0.07726291300310306,5.736925735522106e-06,5.0663806561531e-08,0.03404241950686013,0.07175565754984149,0.06921955338101983,0.4963027632410899,0.008348455380025101,0.0003247376812887537,0.0005845366274515099,1.119272825427797,0.31682057894256205,0.33675868493484384,0.0005422953921314429,0.012080117242585892,7.399529749344766e-06,5.2170441747448026e-05,0.0005635490486264603,0.000803171172433773,1.8657435736421562e-06,0.0009957214758027416,0.004112851093067282,0.0004950857458242744,0.07870835567808136,2.1044956319638453,9.732980232832765e-05,0.009071125177452734,0.6601836589315841,0.003371665359314589,0.006723616725117779,0.04709765594818437,1.0757628747921038,0.0005165137573039863,0.11079039778403273,0.10935124114079674,0.00012787251238624366,0.12946342683748355,0.000427079086917296,0.13034614854059437,2.85412785025613e-05,0.18428507586320447,0.2719392402068542,8.655750581944648,1.8187117848470605e-09,1.1579442216073711e-07,5.3793161181794e-08,0.016512766929719674,0.00012701631696129128,4.957705686963908e-08,0.24705194861516255,0.0026458686011038043,0.023361248566460845,0.0016217032775551871,0.02771658645025854,1.4211063772991401e-05,0.1441692399122501
KF,66.6231394002615,0.05164819766316941,0.010264107899118384,0.02382726883399549,3.0084478025867947,0.021897162243840883,1.3313141283107568e-07,92.41626417181524,86.40377036221759,0.16683106895479627,40.63674329964508,0.663944715125802,0.018137166836123573,0.0830194521665449,21.51399285447414,6.7643914623478745,17.30740509882696,0.35410406710790526,0.512401139481683,0.04845731480137146,0.0025321942521637658,0.15289478753683797,0.09490700892441166,0.011824270203487785,0.13584110289688633,0.25751950428713216,0.600194794878936,3.8822118446559735,17.080615945000357,0.21081089070262526,0.24808269706649025,25.622548713224383,0.04795207429742206,0.11401355580775423,0.5507739690030978,15.814076740507963,0.057205435277010545,1.593481381959359,0.6606172024933465,0.0016915031852213964,5.508624862756296,0.04020829556276754,4.505161947811194,2.864972165657174e-06,27.461687735699456,14.986404807740389,47.017763807793635,1.9329044992051174e-10,4.4221693459903763e-07,1.305299471511506e-05,0.30682177083728174,0.003926687939913467,3.909003128959777e-06,7.6408279984600345,0.6048783069443738,0.6652528058457938,0.31583157660695405,0.889043774686834,0.07386107532382438,1.6219223503010909
LC,0.040870382087865136,0.0651806206485875,0.0010975367050699704,0.001498780222153712,0.03526173539134843,0.07349644068957932,0.00015505865711816947,0.015455111542441047,0.019902658564141223,0.007046220661463005,0.05073171652131566,0.15903245391965112,0.0032698789972858446,0.007106170879402884,0.003143948391854814,0.07323516106212037,0.010755069319218612,0.5087271563920629,0.15687921202103847,0.03140846012646897,0.0001933199739757795,0.0897778658278151,0.040750782462232904,0.012879480262966576,0.012966707044856862,0.010200868026755966,1.1888284657579118,0.07316886755204621,0.006728628972750981,0.2201551757236729,0.06813139686332387,0.21382542029433674,0.01747951828386257,0.0027880753441984476,0.6862294292343308,0.5537507457330518,0.00570392535557371,0.017885488472762053,0.001217105494527201,0.0011144301289723398,0.24659758457086484,0.029985262210605084,0.0131782398872262,0.00047720986607298186,0.012815345937224948,0.6860068644303123,0.9914109696191294,2.2604345574958934e-07,5.653350347917686e-05,1.4654455079902782e-05,0.3168413465280038,0.0014026738170101305,2.748562474026212e-05,0.04578905198890016,0.08729553915103033,0.022862484621077497,0.05872767612496719,0.013213215109802463,0.27629908932626185,0.26697007052412797
LGd,0.013680836318868177,0.0021741856421472125,0.54558308337086,0.03234526427103185,0.03315253133787306,1.1312558579241168e-12,112.02464883480552,0.05764129758151965,0.08178060792129581,6.960746142138727e-13,0.0003789761428700582,0.00034898094735258774,465.33769763043443,11.582504020678783,0.0007976783805704363,4.708549797277101,0.0002750294202891564,0.019762346679935157,203.67485108794938,0.00033171746241623625,1.4915347337213256,0.00799387841679199,0.017616965075822492,0.2451302327190812,0.001240658228100681,16.382241304942394,0.10583576310429217,1.1839055706894164,0.012321286520317831,0.00869108996268249,0.26877207575959833,0.0018895469802529487,0.10448626706051228,5.079846831920985e-07,0.6308229899988675,0.00024343277770195435,2.880885929851998,0.1772095890026872,0.0002703775321321641,0.015356061232746226,0.1575916792710638,0.015427962206770913,11.649992655023153,0.4233987745725476,30.08646315394396,7.77796196914551,0.0041982589287286425,2.8504832459989147,6.711695707881249,81.84665297312277,3.642910749285528,0.7781579675793797,157.52005866448292,9.683564755827476,12.875728119618975,4.42282001453015,0.27782838676129074,11.94154888863946,1.8780694228297173e-05,8.45528163854957
LGv,0.35912268503462114,0.006583677071097184,0.1140505798380869,0.0623670481131505,0.11069424999883525,5.716715151366139e-15,18.153450511205804,0.15493201187830483,0.350721586103403,2.096047998865929e-11,0.001020383111271964,0.0019447485145864141,75.84346446979625,1.8696717520945405,0.0037582958932761644,1.3934437024185187,0.0006526086554410136,0.09481319454509687,89.620843296159,5.5301368328252875e-06,0.2620386238669929,0.03707889830064149,0.11512283132072536,0.01634626445984187,2.0672112941973327e-05,2.555420552638639,0.4729840227447925,7.662260079425773,0.3286202781444565,0.06359866099422071,1.3496473387794767,0.017734305393025864,0.24864810726333084,6.350974648344345e-09,2.7421999482451445,0.0013537250186858901,0.45455045107698944,0.060101488863038094,4.472641125499639e-06,0.015037417202957405,0.14736080402334104,0.11388406384000835,66.36626879295578,0.08179481249286497,118.50200851128584,38.21421089782161,0.1037655950950815,0.45762160874454644,1.1016938534764031,13.119074705823039,4.127467722541441,0.09130298741747282,25.296561184974685,5.203352061565386,49.622517786005105,1.5504664007405067,1.7801727837968324,60.61721123653282,0.0001143509464636754,10.056170339390052
LAV,9.502454872437674,0.045994095842298285,0.0029739354153637695,0.005174339380804473,3.7205793939489475,0.0068532598419491835,8.015612476428314e-05,4.537273384074194,5.344167245533623,0.5477448924655418,5.584184539788329,0.3777547095056455,0.021910480515600676,0.02725377339304684,132.22470458431368,4.705041222292514,22.97279590766085,0.09673558681774941,1.0177014647388871,0.006584208290369252,0.013157417181653872,0.0335715103834848,0.039676930857577966,0.0011733068871335626,0.11133463977302258,0.10115203170893856,0.09945616542683385,1.327621564169696,38.17466095882615,0.04129178343892221,1.091113056408512,3.2732351500215744,0.37277395099233007,0.11189421928090366,2.842558519029385,5.293671382889904,0.022186646980063483,3.7237330400897606,12.1061263514418,0.007657129508380285,7.106590381313702,0.03520815988447312,9.973561445319678,0.002595642445236687,1.1642214566061013,7.9950980852322715,107.86451166780803,1.8769369371099688e-06,8.377221902097105e-05,1.9523810500417183e-06,1.0433982387713987,0.02548623234069047,1.116918848172643e-06,4.146493395950712,0.05305344056399678,0.2076052290394203,0.05880450711368072,0.2789466322534957,0.018362403624423655,9.412505049406729
APN,4.112463942142824,0.9196687947800102,3.0273905573934945,0.5693103750964487,11.09766514521259,0.3187264197052172,0.029890598656676048,0.8569500593440785,1.1984495242484197,0.05578664396733355,2.456315007914457,0.3569555632529695,10.272597627217108,23.98683085158526,0.19218925885945876,529.8170317312871,0.27619389748072565,6.119207226886949,15.84028483900452,0.9236622787428223,0.03651667701943866,0.5175802552376014,1.1561071172876451,1.0274226792892929,0.16150642884705488,6.959802029263104,11.480853478040649,42.11473500618812,3.1640779299545856,6.098482583488501,1.6891781191409236,9.601943145217902,0.3802676170379673,0.12825228074136247,8.779374282733476,2.299888034545459,19.970495549929087,23.864977998283795,0.24177518741146595,0.005987858731552955,49.690123445383826,0.40273689067526497,51.94132492478904,0.007653209383230014,53.2690304619387,376.12805184473973,37.64951909708597,0.0002371829070672098,0.015442601105552569,0.009974320455424953,1.2486253160026952,0.7771255726198549,0.005742619577952097,149.2417759386146,11.679161481071132,25.402335209996085,4.466961397741628,20.348409428346805,0.515112196983362,23.364963651260318
SUV,6.768021299436028,0.09193519304513577,0.01666916020329494,0.01583197872184843,5.192473568630957,0.04171358250021751,0.0005197839725325983,5.8044447594188915,4.716890510013069,0.36932034795606666,6.666920645773985,0.8325517440869922,0.037086376791525974,0.08911869961865919,160.9034820664844,4.036405344838058,33.50923881528293,0.607396368866652,1.4446465688324133,0.03967841827657467,0.01896220439861438,0.07678134035243664,0.15084637724833105,0.00666538854349204,0.2273522886737942,0.18312542754176278,0.6087846686065911,1.1918306344721088,47.32195526114199,0.2519499200383981,1.3512726132356407,2.6387832382176852,0.4598690541537607,0.1475689586873602,2.779297198576474,2.902303656469877,0.031661857659116145,3.7298233601878614,14.48079226945135,0.006824509316581385,8.542531025927046,0.06507229043930485,11.743789669137065,0.00444662209170289,0.9283778957559472,10.755904166329366,92.76016591514953,1.08548053956476e-05,0.00048100992999954684,1.1288307172848732e-05,0.9230489750531871,0.03666055813621843,5.411515325453154e-06,3.656518428380774,0.17027943171421447,0.31610292787538175,0.2429417111330053,0.3661644140447411,0.11612720854758157,8.265718835538335
LPO,0.012356126136164563,5.200772041945862,0.044116656000610474,0.08333660685526385,0.149304420179462,10.920722044096983,0.0804894406945195,0.09856177018813052,0.10886401246624267,0.00022157491621419727,0.027276954623522007,0.2105528019720847,0.22433128122424992,0.3223664305263338,0.000897474348636973,1.300291562341251,0.0017439375911369461,77.47797712135362,10.805821592128378,22.60648372449076,0.0672367085501082,24.602502995547194,3.9728841965549,0.9626064014794776,0.014189147582615599,0.15217841434299134,92.04490931171286,0.685210397293459,0.016196707972216503,138.21925772515755,0.17173154399799642,0.6340277270912811,0.2900674756684097,0.011590968096929177,59.44381241629427,0.13128413345983608,0.029024685133769726,1.2761002425066272,0.0003920429388990155,0.1901876431338356,4.937064352957582,12.60092702829934,0.9267712048090859,0.5575547747550526,0.694769697837166,25.951899298914924,1.3573282888920397,0.003158352938798445,0.28679806883194264,7.769899013968178e-05,2.7516777998939648,0.09327156029466299,0.0005227788656601308,1.228229822648139,1.2986598991838527,0.35504392058671297,1.393822934865663,0.3261199664324756,15.619850009472517,4.404286519830231
RT,1.2261851120647362,0.04601890684751114,0.2535394855974039,0.040723013720580625,0.06131736564926771,0.28142497465683114,4.157581064315771,1.4420286198806724,2.5101405939299046,0.0030668947117899834,0.02155423355943626,0.011566486613649367,15.73441399032072,2.4000266654939866,0.0034295371890659563,2.9054940333095836,0.020236670372907536,2.781932789837919,544.5837981331833,0.18163163216537384,1.33601623839786,0.2463060295130674,0.6847222187014074,2.8302657977083463,0.0013434368129085377,0.2189132145264787,19.115117421864817,5.5835591274444605,1.1816519678800226,1.707140266467161,4.457288546818538,0.5034557846617624,3.3232804643151383,0.016933668205606732,5.524170617197245,0.05423377339531239,0.20800630111853394,499.1606749943933,0.00021095777084372344,1.3729589301341654,197.28269685535818,0.15019807593395532,218.007308985414,7.092465323084284,522.6839604408295,40.34367162412275,2.0083691330604267,0.3527909972116161,2.3386066837131074,2.4567030609274174,18.96306558215951,13.550294703568358,4.180597591299431,292.72435630888094,103.86709866826675,2.3320644480787123,33.815546908612674,1.2576358981329727,0.5033018431005278,30.852346955717437
AVP,0.0023385193209032183,0.7451442215089152,0.0027452545130972213,0.00939340633142814,0.016547488475839086,2.6220389379573765,0.011352404275397993,0.0330551678536918,0.031876998608412824,1.1529459749919022e-05,0.004217395841586959,0.036576511276785316,0.014339113478603626,0.02622536405476125,6.45478528011515e-05,0.10007263946968067,0.00010429071964551281,11.1614200409633,1.1158850666262665,4.487361487391387,0.006166745532823182,9.21156108836589,0.4006049875719858,0.0784149883338799,0.00155528120590226,0.008562605142253888,15.615450048935086,0.07667587891244103,0.0015795991887600014,26.258981735240564,0.030788996258659683,0.09427827185248593,0.029075959215465328,0.001958436640389635,8.070577781399077,0.017474420018505597,0.0023089408530027884,0.0422877643439999,5.456130523732505e-05,0.02063074492310614,0.5153919077322245,2.3194164626931375,0.0660068901023311,0.06030906098727774,0.008835158822218863,3.262633493160749,0.2038511279819823,0.0003103386354722052,0.02640845486043001,2.8156248670855777e-06,0.2595296331514924,0.013162401116320402,3.991772045700122e-05,0.006589973399473985,0.09642606099914981,0.025858206860215425,0.09778265091730305,0.02035415387895431,3.042816651450794,0.7065101983155347
VISpl2/3,0.01906472355842522,0.0026742320094766104,4.525578656268927,0.23325912656197537,3.857435596654199e-05,3.0055239465367514e-05,40.734540528087535,0.17561625097928193,0.7183818844444971,5.636603799553631e-25,0.005519820133421246,0.0003830452753682163,38.63535890323965,23.510375372778057,5.1277789615530056e-05,11.855485877355738,1.3856257874522565e-05,0.003618412545061519,13.288637274856482,9.657387361565815e-05,33.768815342758415,0.11870802225544176,0.003340052039138443,0.19242103268008762,5.14566486707191e-09,1.6453991118360862,0.04492927719080887,0.044067791575328176,0.010559738535661778,0.0019716997288143183,2.900722061888007,5.5947186448521856e-05,7.0456195829045845,3.192971122677159e-09,1.3559352032966447,6.820671318886085e-06,10.1475998785356,0.19396749617737039,0.0003349364146555353,3.021299230742435,0.0792845392926061,0.09112231534956126,1.3816693233815152,4.0984758183113295,1.748833890780943,1.3850403067584764,0.22472500573089743,14.269880933056474,49.145091896860585,11.421269118633695,50.43833601327947,22.06433346870712,47.078346993001865,0.6046870383487081,0.8988776584723045,1.6220798689663576,0.05582992450637302,0.8250015207425052,7.805652396425263e-09,14.830799116005743
AVPV,0.006563180349640964,1.2851021811061607,0.005051837038236099,0.017189625613005577,0.025318454842896902,7.576662380048537,0.016913780773880154,0.1269552517730289,0.11693784387332763,1.979896882110599e-05,0.007150197473273058,0.06629172189260794,0.02709736039893856,0.05172254667052985,0.00010338021019038775,0.16559760629611978,0.00017146274209772164,19.729023058551963,1.6642337337558541,11.006324708537996,0.007705268800045723,36.15265840035048,0.5371613698895915,0.13096702444249658,0.0021022780822625804,0.016994849500009627,33.80511669708024,0.1287296085100585,0.0026599734075914844,62.25532515240313,0.09947549691281468,0.15648412736207826,0.050060002663256255,0.0032322918611589002,14.374805516313751,0.028748769864748468,0.00496641265283929,0.06279816487943858,8.656525447481485e-05,0.031363888687036906,0.7919608273158956,5.397172063756539,0.10971073728072811,0.08841127442181705,0.01466703312593304,5.542542303574796,0.3408862184653573,0.0003631504336086166,0.028734232981440646,4.519471334523798e-06,0.4426264976594498,0.01987718972448507,4.307513541040697e-05,0.010762131262435326,0.1509319034608232,0.044236593577997974,0.1636552567696187,0.03397966410548752,7.129247746275015,1.7760373172741915
MA,0.05427838998178046,0.9196590780185739,1.0807827556661219e-06,0.0005999007210843526,0.02211896283693451,0.03775394932307691,0.0028000639994103633,0.05896621361201517,0.06654558790677947,0.0010904861433234322,0.07739971822171346,0.0039644308357686345,0.006399978692860012,0.015571867701753145,9.709828745088609e-05,0.1029481160550112,1.0301901398531524e-05,15.13109337954929,10.189598281679885,0.09802666635158369,0.021263020958578467,0.11593916858774145,57.28813770514178,11.191825108296708,0.008665635513370802,0.0003337189113701863,14.189735564813535,0.13952027318803326,0.03652072576450528,0.9003803914192073,0.23441189012512334,0.3763547577830121,0.3569819559729803,0.0004684586441559426,33.34986553802171,0.17943281590679694,0.00728508364702607,0.33347988254586935,0.003111675778267886,0.10377147507690541,3.833449199292428,0.11492917436825614,0.3082460885043635,0.08977968119768194,0.018349680759425127,6.92109693107299,2.177197540596524,0.0009007123295114442,0.008079339343561406,0.0011156362815771465,12.96581240566519,0.0016927737764563275,3.2831240889402033e-06,0.06270021026329363,7.656467531938135,0.033298554146846314,2.353516504555687,0.010936654958675891,0.3344454688955787,2.1118795416194485
BLAp,0.013508819360972958,0.2420898015292448,0.002174563109223113,0.036657575648576815,0.002605015722434795,23.339689445564233,2.1286391982764603,0.1800646161745449,0.2541930261739997,0.00047737098330735277,0.004389450863470358,0.0020038320469936747,0.004664478195717501,0.5797628035690123,0.00011257884026913581,0.08359527597915101,1.6949196454067603e-05,31.11718852891659,6.292834056252411,1.7893387723102434,1.7530407576582534,5.47635854203196,27.824191972381946,169.83005406275385,8.051350344036009e-05,0.006170235704514879,470.44353681262464,0.12883949310553316,0.009579594764344668,82.41851715374263,11.637473991218762,0.06047431582219029,30.991907518988228,0.0008790741733538463,31.7813272705553,0.03439364580659016,0.015898529363552866,0.00612392308289382,0.0,24.58466863480823,0.27700984971968484,1.383743560382949,0.020390864541008896,23.530583039608555,0.03634839346826978,4.874668245126099,0.28609312167685796,0.18435150329204447,1.5665533045103626,0.16295188619706027,242.91112509394358,0.4034389334378597,0.42621482554016765,0.052397747482392724,40.89105941714765,0.06811429453679486,3.179313568806441,0.04236869056409047,10.368667928599397,28.11332079508026
SG,0.004248985350451841,0.233077037375997,0.00018713024156763924,5.6521984825121806e-05,0.10625627626097595,0.00959696015362364,0.001527545473245941,0.0008768575544197664,0.00473869929559017,0.00015383391038964272,0.012623560993562934,0.027044082835979096,0.0010367744351522624,0.0020119709502597243,0.007843352586540266,0.07820228403160948,0.006174379405429406,0.8140103409272708,0.54577240340409,0.07458607114870915,0.0006007334349865432,0.016466981508795116,0.1469603416955479,0.001916346673686301,0.07610401303543114,0.0013704962395471884,0.19150991999319292,0.037594097758192634,0.001891848752577339,0.2964163177415553,0.007353613724693255,0.03193761052115306,0.005465334326718934,0.0004097321147254161,3.0603509113121756,0.01483735348392419,0.0025851328635863994,0.036307466193751955,0.007112843595085324,0.0023107097239392343,0.5907499753250609,0.04520539524983551,0.012519959685714876,0.005063339802029574,0.0019494504963349147,0.477692582169007,0.07006776529277642,3.207836821617694e-06,0.0006887206260157599,0.00019574869794870318,0.10783117191019698,0.002508751913842878,0.0003666182058723654,0.0032809782727371267,0.007829203470927467,0.01151738604973741,0.006678268108078762,0.002269139231366549,0.02820590777774566,0.08696544733096909
SGN,0.0032297955894722685,0.0035541726995478706,0.11665295402863593,0.06600964508856352,0.06069450600131866,4.7445797355550814e-14,4.549442653176493,0.02380237049891211,0.01447030438774179,2.977295598986025e-17,0.0005847640959616674,0.0005921313796153327,13.099488494137418,2.4531972607318075,0.0013237046918445747,6.5946802493388414,0.0005030766654712533,0.032361670251597606,33.269484971944884,0.0006706236030416615,0.14528060984479882,0.012435981276941482,0.026478566052846885,0.5498180904496794,0.0025138085446284103,37.04390272657551,0.11175059658129621,1.821095780838351,0.0006895303983621667,0.01244600533701403,0.36598522783296694,0.002089956121242264,0.0736609617161709,3.314472440726045e-06,0.751940254791404,0.0004111847570757338,1.0642033589977609,0.12099050539783363,0.0005935418105001315,0.003793591014294615,0.330898504259271,0.02208597157454402,15.588415881798351,0.0013297893603706923,20.702036318162005,13.329807616192042,0.002003329867296386,0.09811449025977151,0.5130647746906113,2.5167786494594777,1.7178274026737748,0.43236323928611897,4.099303824084831,13.441530656556559,17.356779211423135,9.897437001991824,0.4300496864196804,20.29181722521404,4.111490699199093e-05,5.6208756110589455
BST,0.13306009116392062,6.466541550389477,0.17254700166205628,0.0498492719696264,0.23904635679373518,22.392018410879174,0.041535987449101495,0.8439205957667494,2.1830237649821824,0.007767673553799095,0.38532353904762895,0.1447157709295845,0.4538733001261911,1.6454858658333913,0.020073710927239096,1.6006894360048232,0.01100655192036147,136.17595910630038,76.95939349947436,9.528577497407547,0.3544481523040762,26.27281840149631,7.918965569523844,29.350231266558602,0.018104232647697765,0.01695532685343907,865.7279043582179,2.186615623993018,0.35008541668499726,126.14446853781175,4.26167491946321,3.5376420148172842,7.82889740741396,0.02144713620699057,56.31617140490231,0.8946550465692036,0.04752494029928476,12.567735052944231,0.0005225913977086522,7.75692632175523,14.948666274002425,7.272054902044714,3.261836622601103,8.817873305672553,2.290292336986576,60.03050759120537,11.813590220959659,0.012364492552892856,0.4103582018639989,0.003747090876474192,30.112484449944077,0.17056002099710213,0.0025416090098504987,3.41166285492218,59.44638322942016,0.447473119988592,14.350005898053572,0.5174792558070176,22.011309174669595,29.70595048885356
SPFp,0.13180951828921839,0.010822061707426656,0.003119221675040023,0.003138570311624055,0.008899126102339614,4.371247654870784e-08,0.01241614436835166,0.06398611415256414,0.05444850473326291,1.9284316844520833e-06,0.01263693685293612,5.545432184970613e-05,0.027363978873945365,0.025315653171047184,0.0008268977943801529,0.18322197764471695,2.4353223908164222e-05,0.004138490778848102,24.824560973434444,2.3831910430184217e-05,0.0023481285345739195,0.026266818297063933,0.06743735607341868,0.019424280634192537,4.159160893586185e-05,0.07939407674519935,0.07801607473050423,0.5352827448812966,0.002627044910359725,0.010456848134574781,0.507048415094532,0.029640466660748536,0.17212459759598214,7.554893445499424e-06,2.162237869982744,0.0017174101751471255,0.045520113531487306,3.6200927170659107,2.3502768281130917e-05,0.005334125243452119,3.2069858134455593,0.08454696927335516,40.53968094799284,0.0010030530376191438,91.24763034330623,2.1609972236539887,0.003244456706360457,0.0003499120018387117,0.0029976961600675805,0.0016841600199362838,2.1857747578757496,0.017334516685261234,0.0011404999972806735,37.88646972370439,33.646917703204856,0.0691377340200065,0.7466257485877811,2.7255630485844096,0.0010898229514375744,8.092700368745986
SPVI,386.8137436482735,0.051259916450324135,0.13046854898358762,0.029163822032683234,1.2748432530449372,0.07468407967134018,0.00010483118037133068,7.777951126467919,13.75123764458297,4.965937069474711,64.97388136169575,0.5001283089037486,0.20294534032161682,0.34053244249638853,10.73633463802303,109.04562753287624,4.130547049343287,0.9193994647849323,1.3809929544614028,0.17250723575683727,0.010602556769780636,0.6410561184382325,0.11097089738274074,0.015086670116964738,0.06256211884776634,1.4523767078442518,0.8507666366630651,19.03663572557146,1043.8340803634321,0.6332700061085822,1.225435568777342,67.36801234714835,0.287966836738255,1.1538946919415223,5.496443980372293,70.48889948950729,0.20516666126493294,7.831053403590766,0.6019974715710359,0.015232496498545875,10.577816639640297,0.20462352149736757,40.91799172091022,0.017013050443774658,131.42536882472353,102.85251414825268,1217.0405529455554,1.638119921835263e-06,0.0006510583147763772,0.00048034854604212446,1.7586394244268528,0.011177430824301088,0.0004441592456174874,78.30889493667424,0.7338816013349599,15.80702087635659,0.6575877179532552,19.482014112237703,0.23266844995112912,12.957101140146163
MPO,0.014280862265939996,5.069728041629861,0.046273417383902636,0.09224349340969795,0.12831959195120693,17.415983185202016,0.06584610556036741,0.158970982336911,0.15911649105101902,9.283550285194125e-05,0.026747073620822726,0.23258251855372622,0.2349384785426113,0.3330465910914611,0.0008167789681855305,1.233497363275754,0.0012283112150336774,69.4806561202909,8.049290003477639,26.103271157805725,0.038295596097043035,46.094130205921125,2.6662076589456563,0.7878750766076185,0.009490995545735367,0.15753388068181826,109.24767706275749,0.647109286268262,0.013743196929949894,162.1589689084532,0.1945159004151128,0.585938884637552,0.23401757004205853,0.01112102428821094,49.93240012889241,0.11363258692051434,0.029669251085214465,0.4051167918700254,0.0003147316097022572,0.1623736282283907,3.9409892605923518,13.496494300638105,0.6246172421543453,0.452619367051293,0.1495555413093686,24.15083434385339,1.292868531606315,0.0018956557515580857,0.16203619741658798,7.30461748112599e-05,2.266537648787708,0.07675079989997531,0.00033170422996049205,0.14481676636457155,0.7714750706901066,0.3468713696119161,0.8450961158603887,0.305309297759022,19.7316028595415,4.355667158521281
ENTm1,0.008771098436930198,0.06905689116309978,0.3339977337375583,0.16996293129332662,0.0012336511837752182,0.31358002468758933,23.370869161534223,0.8584203173910935,0.6721527662144069,0.0,0.0008926441343651212,0.0043126711119715905,3.1371885768746153,3.5401472650989136,0.003928257564391118,2.052154088784423,0.04909472298948785,3.4304899668829716,11.996896301273381,0.7494784711091763,26.323870135946713,0.6236276703790932,9.464243420749334,78.77952133308969,0.00016581152097895385,1.8332671793302016,48.80921241207634,0.7634535176820524,0.04299068850491493,3.6999772115491476,282.4472784064318,0.0005437869395706125,499.1513698648338,0.0,23.167049742748993,0.00016385776200760003,0.32084288531418487,0.6298311574562017,0.002280348296216636,344.0178575003548,1.6898719580850083,0.7000528124752622,2.267439727795677,355.52909437432453,1.5624725124010033,6.6593842052521754,0.025200174823223877,2.2678132102092348,27.638794737917294,11.297462735680046,1781.0369147988395,23.213461345515856,18.938575378111704,3.9831066145066436,7.535768698236625,2.462986431760811,0.3059338634712496,1.05058802154905,0.4330371994670206,592.6389015879791
SUT,52.095823428353754,0.34464291177642753,0.03134510968403514,0.06081946248524047,1.545356206589173,0.12416221115139377,0.0003209946249608648,29.024254979484112,22.377378217542745,0.11720665953835996,21.051559917990303,0.5376551027734694,0.07752765388634811,0.20654609192651524,5.909466050029337,7.661395602316917,5.080131836103188,1.3600130519858766,0.8028003052082832,0.226049390636671,0.0013320311500016032,0.6257481959644713,0.2988430700022682,0.026401660108667672,0.14047117058193775,1.0990821017729844,1.9693762649119875,3.979283116511612,9.937951846771297,0.9981519224634297,0.14797591576605804,26.03884192458723,0.032471569139803515,0.13106899985328702,1.696619343114569,13.261918133568635,0.13768895005411128,1.1692709069015363,0.4214861146711668,0.0014664707490959757,5.288542100413202,0.15733202171578434,4.686888981268384,0.001205440776683828,25.312960736030746,18.86852129806076,37.981763850234856,1.5078772570239426e-06,0.00015480744191648837,5.030607177061318e-05,0.30399363998625584,0.004413397444059725,9.934583083619873e-05,7.110130027431138,1.0851399656632728,2.137065679868338,0.7769076935721642,2.2821918355081503,0.4102570967281572,1.5939044956403798
ENTm2,0.01039900525774751,0.08484590710378609,0.3880030506206526,0.2130511719261672,0.0017049114273463752,0.34808863707719917,26.92261998165082,1.0753549596741607,0.7377692960309048,0.0,0.0009726117584075377,0.00455774870174319,3.6860539713718787,4.417966768778969,0.004147784831920651,2.3161513382461623,0.05431502018618202,3.8350543289488597,15.324566830881302,1.0548910491969186,28.006820538127904,0.745776378580033,9.938095178700015,81.55343868547101,0.00017546110264588568,2.456150391710774,51.7805645445844,0.9558343166808385,0.045692300927223095,4.9885284226758415,281.1522839256727,0.0005832139409217089,500.97067673705516,0.0,24.804927450421257,0.00021278761643462682,0.3674832620548252,0.8474301965377508,0.0024102369459629816,351.5397706264454,2.274085474345216,0.8632534090862546,2.8962521788752937,372.2958457604103,1.9959483911559979,8.656999261549862,0.031005480296286508,2.380310932659042,29.376561533455597,12.588714965742136,1884.4928383043882,24.551198048733106,20.566841457152787,5.040981386586845,8.575538797368289,3.1489699463687653,0.3457647274499725,1.3476795128643593,0.44701252477893494,601.0296913044584
ACVII,0.06312278645480057,9.207675541812125e-05,1.1434557276802218e-06,5.514880273855388e-06,0.010169622908065924,3.2692682366560242e-06,2.1748235776901755e-08,0.0009310037061976297,0.0014273340478841053,0.004949810498215069,0.03095638541912437,0.0007849390891000842,1.2137033567716697e-05,1.9921774485156747e-05,0.040796710095725816,0.02438277173433165,0.017600803884361145,0.00014314197021851762,0.00021533119775069692,9.558379796362155e-06,7.1915642992823755e-06,3.29013427326112e-05,8.74468814042063e-05,6.859535524447762e-07,0.0004565733842566102,5.630871487882682e-05,5.0578757409305267e-05,0.0021471300235608153,0.08003324711396519,3.7756078389049675e-05,0.00030231563021478953,0.26866636695177337,0.00011857890871642093,0.01263019523052929,0.003000593707926075,0.4092554821530281,3.630513690645442e-05,0.0024044083461149373,0.0296688008541253,5.930514494032085e-06,0.003297581204488557,2.5992988697277865e-05,0.002047216407694866,9.671370729071874e-06,0.0015313265851470154,0.005985429395655606,2.0146029198282136,7.314425796549826e-10,5.032612574984559e-07,2.0649024545971123e-07,0.00037736766820651376,4.910351858853147e-06,6.778716384083777e-08,0.002054209806714168,0.00016734423552203554,0.0006436143204426864,0.00014141266777920194,0.0002067523017675454,6.0089657263100115e-06,0.008523449582724307
NDB,0.006404153974690996,4.378641914202571,0.011446111411661495,0.05135917171391832,0.051193548558121894,7.753015234789503,0.15956234056229862,0.11434570596596558,0.19032299454097965,0.0016350022266519353,0.003228396034121348,0.029557011208982135,0.11046263507791486,0.42152637809545007,0.001208628967279473,0.05175970613047041,0.0037040667965547464,59.37829559235022,13.966480867025158,6.997267446943333,0.8851541303374918,9.254652809101373,79.12231774447513,10.509808346632713,0.017194958653204202,0.0015845003028764754,51.58896552188378,0.06403175908525185,0.008191721139499505,44.753883008045925,7.783164390487125,0.038312807991713015,19.883095616487715,1.6912033966573826e-05,126.89404878365785,0.007579299462231204,0.01216923403239361,0.2662809289114203,0.0023968539652615283,19.081315799288856,5.12841569638095,4.307438187448938,0.059534251696996825,21.21638625812746,0.011129018886201226,16.660227409201266,0.13408788848357975,0.03503574007003982,1.3885729000505256,0.0014965688787999996,97.46631464326515,0.6946758854497727,0.006772184860763175,0.009792744690151341,1.1318090101033025,0.007290083300324988,0.3676172185334442,0.0032904231230557984,9.054109330380967,34.98544191616585
V,108.38431143474159,0.1190654398937479,0.019052603530149922,0.046099940450858336,3.3784179703409354,0.01746237246717477,4.891939114895714e-05,78.33945149936253,67.8801388265692,0.193442764851417,44.77567023612306,0.9423990675118222,0.09485610264498594,0.16774383529118633,17.9947463182904,12.943754934898747,14.969440374541021,0.4994342387324788,1.1604226888552376,0.044127268712457555,0.002464642414409858,0.11755335585756359,0.22694794381612268,0.013497972341941103,0.25853185441353727,1.4408365446448175,0.6394199021333313,6.575558526262875,23.48922330317673,0.19575181402641365,0.27083095795544065,41.57426854458231,0.05112435709649492,0.2700837829475735,1.0763915989014414,23.33496745054691,0.20135423665092034,2.0856646351866357,1.0135853700743747,0.001462446249264379,8.661114047753738,0.043895523494668146,10.209112383646838,0.00023651728657110357,48.46292611714423,31.251483461923698,73.94340576075074,2.8749515912853705e-07,3.228374177600566e-05,2.2694359183209878e-05,0.41288632556420535,0.005909024328569947,6.612088650728029e-05,12.517459433561047,0.856842709717071,3.1172014501329683,0.4779861825444629,3.398300808414773,0.060143188087896184,2.694431577366033
NOT,0.4082672006042178,0.11119552731325899,2.1483771958793625,0.20112933976381853,0.7816000170259912,0.0606923828855969,0.00159040848652953,0.2641173852122669,0.1524915135454849,0.02552774513136051,0.3425854570248721,0.04471210621185461,8.547423783403554,18.265493323087707,0.0054181535528986515,47.212324432729126,0.0198236286545384,0.6891387459165279,5.026675962569024,0.2021471136705922,0.0020431538169410415,0.1154866797254071,0.04720006688571543,0.01029628161568924,0.012668958333838305,1.4044635556634055,1.312071884664706,3.2382345204791734,0.211840840812513,0.9474478840509888,0.13269580755728794,1.4871736539868574,0.028267493194100317,0.01345946745317204,1.306305410744494,0.3844431911908677,15.223393568505621,2.601360144550464,0.01979776380653803,0.0002241424285530086,6.72601640311326,0.09919850530344113,4.976080253288727,0.00032859920564257713,3.0442680725164633,33.785008289280015,6.035662927158924,4.714371685315155e-05,0.004479385193355467,0.0023733817199995807,0.13699149942087122,0.0729734482300857,0.003299554577427667,10.651646206921226,0.7885930492533667,3.787409598235559,0.45680692724385324,2.0522748429965865,0.08468996296153537,10.416936549844568
VAL,1.1225862176739485,0.102991896971182,0.3001002699324072,0.01959705748299635,0.42162092085109715,0.019238332234509513,0.5207481363546096,0.27000948982867545,0.3822322967698451,0.002211822041107058,0.20822091066733275,0.029100371876589336,1.335047642315522,2.0715315962199825,0.0023191399287326424,4.545625525556141,0.028284936264754968,1.0501042394657747,251.5875925889183,0.03028113379260127,0.49443336245206543,0.024846818529702358,0.2990770611404727,1.1118434100166812,0.007073823246964442,0.14558324775836326,11.507834741836946,3.127921354653609,0.07809650640740626,0.28212732486136005,1.4159856921706626,0.5748604406568915,1.402454718412447,0.009784410576671506,1.7190970285758669,0.09827453266691191,0.10569441025334493,292.92219166708327,0.0009599549607534446,0.8304243229916436,170.60200465789902,0.02497725126965095,88.53963002161234,2.8159913237745706,113.40615623641094,27.39889083026788,1.304561991962727,0.03310419157861623,0.8643946778177731,0.40724307632950457,11.414538424559812,13.661151318149367,0.16791920300124563,169.24036419054866,56.94901690947383,1.2809385935281161,11.590050178875813,1.1181772883157255,0.10503593887789589,9.5894116031317
VI,0.7182122496146229,0.09699702817798589,0.004886482707697006,0.004991841620252599,0.5505838715792669,0.06628673718078004,0.0005142853267450717,0.24690920842680958,0.2089833989664214,0.028521245683219832,0.7105268204696138,0.17236261416689241,0.00875182186756245,0.025690638147411782,2.7021016838677516,1.3584899009588793,2.5498335386384574,0.5487375212599439,0.3040282072364077,0.06564539377473645,0.0004512101743137021,0.1192423991488763,0.06524906738787084,0.007658516621539978,0.11630828331580625,0.008445178317412472,0.6099710871798941,0.15098186103083416,1.587116424065101,0.36347501032588553,0.008154167708971071,0.46085424604807745,0.004519973029479045,0.01406664511622636,1.154467266258224,0.42937580101733114,0.01664854816671618,0.3503969351250615,0.417157300032471,0.0010717357389213953,0.8958199434747576,0.060472668985680565,0.36792740414576985,0.0017077050178635287,0.05534252771429837,1.3988711214092704,6.132633899515558,2.2811483471603934e-05,0.001006363234688308,2.3724968645948975e-05,0.05464164807209243,0.00479123051788272,5.022270447991839e-05,0.21550222256639545,0.02314712004584164,0.06955520449227864,0.0382720360069964,0.03253383740358955,0.14195498968640854,0.177925539407094
ENTm3,0.007882175442109665,0.06954250047111965,0.3173471558144195,0.16076619760755903,0.0016686390477210912,0.30805655867059034,19.976439863068034,0.9504188903898768,0.6221006486438639,0.0,0.0005842698623854645,0.0029564338114559216,2.8310633362931945,3.7569850196779377,0.002331031285901402,1.722412596619689,0.03388142034844385,3.2077285198222194,12.660303958424844,1.028771021923774,21.09789575372798,0.7535666966186956,6.958400131465627,60.10912285906308,9.877702645523783e-05,1.8520816041841948,39.31737362875357,0.6891611393870358,0.03120736961755768,4.8559697510603925,215.6944326754809,0.0003292648002998792,386.8383817342302,0.0,20.257189490260394,0.00015007478447670732,0.2960680271929083,0.6882726581895887,0.001328273382166456,278.58569187265215,1.9853003906632773,0.8158693262019636,2.131651431528805,301.37986016992477,1.459178628260041,7.460367590963682,0.02689928237455475,1.7621502030108542,22.351365366674127,8.730341858708812,1371.8710666134352,17.444006978503722,14.786716735039718,3.6615187400590936,6.020645520154709,2.3090435689280353,0.23540500805722522,0.9873896686470454,0.34548718532047157,468.8813876705666
VM,0.9053462520888176,0.2032893217500401,0.20440774484232702,0.017378036832712798,2.056876661884063,0.06658679721637034,0.34427276351741065,0.8138778949452242,0.4781886303284803,0.006387507266735576,0.5546403838335072,0.13738921573188412,0.9167446926549896,0.5887498239495634,0.02001898236306404,13.631325569575292,0.03706301262535027,1.8700460183401062,251.2023677290641,0.06602888958709323,0.3865536855870278,0.08776328408712039,0.41943019650779156,0.6532597530218042,0.028581738383585374,0.0697166376494024,8.985573504353312,7.822035326009036,0.1359074378532959,0.6280702640844736,3.8213291497844533,1.2296447708368194,3.403086394319526,0.027286880704403802,2.5883832634787742,0.3532568285397913,0.2898566179831961,169.29425506972228,0.004119766858254764,1.2830121783438861,656.7706823273255,0.04444762560622451,34.50477670121632,1.7510292347062841,53.90067519153678,102.04912270264737,4.252364159111282,0.016892555333194895,0.4390765105601751,0.03693649894659298,23.045597962584356,1.0694002072896918,0.07172239405430673,53.12092423226199,89.29535965120218,1.100331396136871,10.798460002265312,0.47332211032043736,0.15847747314913582,13.16305890332236
VLPO,0.0018664916831146125,0.6855386796216326,0.004129164381553291,0.009633035123243587,0.016923287244458445,1.5166830360387022,0.01324127370627686,0.021046094739121626,0.02231736464650225,9.512350137986779e-06,0.003981335517773497,0.03190194377783196,0.02321600590350234,0.03324762397022979,0.00010005884371351836,0.13811749097393747,0.00014815959623019624,11.093149308663069,1.2279086694183328,3.505945533796396,0.008466523143519322,4.845320636434835,0.4829442272682954,0.08234252680068722,0.002026042063704328,0.015728267633891905,11.585275924159225,0.07391517065281417,0.001738308654965554,20.207547230006764,0.025157993393257673,0.08265912917684073,0.03442824952429764,0.0017599338792963345,8.503684678763118,0.014601199102007504,0.002907205452331716,0.04554935311886759,6.495980867124145e-05,0.023281582681451092,0.5353545013306419,2.0578731498119294,0.06680090704371568,0.07063740375235496,0.01204482108626411,3.075249112660292,0.18196186644134407,0.0004076984681219637,0.037020872522568145,6.105450587723086e-06,0.2896360229579807,0.01434403882728155,6.0396459070948365e-05,0.009962869197471306,0.10026625518518842,0.03678932654902757,0.09806339723112709,0.03133016758965409,2.115952411687644,0.6482626640348281
VPL,1.5461776993539083,0.009768066962906477,0.11955185769100783,0.008929093949611685,0.011704680085387926,5.644405066161366e-07,0.5403617701781999,0.829740039776878,1.5488793261942293,0.0016591811169624508,0.05211419621629325,0.006740027831409136,3.3311745672616575,1.0717585115645374,0.002785580089484546,1.0246411300854923,0.0151349810282402,0.3769583428534798,262.07285199873587,0.02679540718731045,0.5690869899057145,0.030995989646589953,0.2039989245619715,1.0385047483293162,0.0006910740037081835,0.11953099266932521,3.0234518961285937,1.519489467693558,1.0243336116201704,0.16335410801068223,2.4796700172780555,0.27065728908041103,0.8436301324873319,0.0018464879726940338,3.6933201400693196,0.0253851507304872,0.0975448172666453,199.8094303166281,2.483043152277029e-05,0.09082398938523205,54.91278376393842,0.08468356792048315,186.3570567331012,2.4709772395395984,479.95441737853895,11.355898771214248,0.6018936205813774,0.14008988220134772,0.9435364000149631,0.1573273586484725,4.037443063009812,6.357902719304147,0.10835853893884566,183.40235034021057,68.38818393214513,0.770768370654451,9.945122697175663,1.2482408747462128,0.00788748887943635,20.442038384674255
ENTm5,0.007459193119960518,0.07162959733643606,0.3293438037680563,0.14291212724851926,0.0023130222770178905,0.36438189665951526,17.293401254693457,1.0900593308580802,0.689712790376066,0.0,0.0004281242662001713,0.002416084516284015,2.7049824334582317,4.038694391437727,0.001584161617871086,1.5903468287581428,0.027028640159586066,3.462754445730031,13.136780602154301,1.3599082491686232,17.72329547191548,1.0394369421655392,5.420637804721741,49.42886422903736,6.801916483799913e-05,1.5711358889549303,34.802623233852756,0.5676470379619444,0.0330773898223126,6.440340181649205,189.95255652144334,0.00021694755496760534,346.162419250223,0.0,20.807231219867322,0.00012946677802512825,0.31330562025606395,0.695019569623958,0.0008510102041795641,258.25022732075263,2.3028202868541006,1.0283165843336384,1.7949339642519668,289.4636321831029,1.2127341439465427,8.31602612716779,0.04217049587348587,1.4464367870599235,19.184622659093446,6.876861542794765,1112.4140771396073,13.905926728022154,11.991533181111903,3.0294126826297827,4.851273062830544,1.9277192025773018,0.18456193335380736,0.8215383376132229,0.32640440094732553,441.0247009619231
VPM,4.789940958342892,0.07012044716947263,0.22791756371034003,0.016810409135650458,0.16438574059575842,2.2842065984670223e-06,9.17656422114846,0.9911076240380151,2.031128272927951,0.0009132205288960261,0.29806859641025973,0.016663473482343625,41.808821954215915,2.131769408090141,0.009042435966936086,6.13505546308275,0.018362811366887354,0.22333596833846858,374.5574282973619,0.013333966132221752,0.42790334963142274,0.11631094050535756,0.3216407977042961,0.5095641842199671,0.006506002101304152,0.45029514397451187,1.7075417432566504,1.9048518604554987,1.8425764292525164,0.16155157957398183,4.747341639430383,0.8192580711336894,1.1507392974775505,0.0015965698789077434,8.366237100181179,0.06224924681262066,0.535043488937025,151.71609820016752,0.0013802887016056578,0.032668699386345146,55.58193226349817,0.2906851171291978,340.5174152227596,0.17007972452350573,957.3313510523622,13.047213517126695,0.8440539731900087,0.2787799528951472,1.1431714262265713,6.657565979168306,8.066101813278364,5.296688242478428,12.412417654487312,328.49974245969065,145.07385351360537,1.5109886356562527,5.854852068535717,2.6457846505150964,0.014165124759153441,42.82913961143626
ZI,2.786947701520095,3.662903692725411,1.8925646610664797,0.8604865549549763,19.469755837314327,4.724976305367886,0.00982960391041238,0.09470402134594472,0.07038398094855439,0.033290352762119245,4.493060054600669,0.4866502468728918,2.8795116002376533,9.94466428359328,0.07167256230573112,557.7793991888072,0.11822682640188052,39.391311742952134,55.398925235068766,5.631582513748419,0.023591604219829643,6.061196570555244,7.832263924106171,5.238270295829257,0.6166858215233992,5.595617578796208,53.905600253037264,85.20202607524625,2.693345762590129,40.041261602908,0.7805856779828384,14.679292375603472,0.666727929695073,0.2948805841443807,37.006004618617,4.504497827221337,6.339475820737828,111.36151700023301,0.4154742435375406,0.32441115430278744,232.03579463679665,3.1281186605597036,99.3918927464655,0.5932542254788062,100.37055329127689,1103.0102117923416,59.8636629222268,0.000858560857397597,0.013659724709372396,0.0005471697082833983,9.430073629943646,0.6584326929606398,0.002124687650783716,201.0404779395624,702.3633303097552,26.166512382004708,239.70880880536612,25.47793099863521,6.098264837910711,29.92114112889325
PARN,200.09459280526215,0.45604964040645307,0.026159220280419112,0.05272729295384403,9.568516597063242,0.14483214421133342,0.0007920132873654301,8.611403496078957,17.929117247507044,7.524267411375171,59.74659841431462,1.38778449536189,0.18304334615775694,0.24655883685871904,69.7513623720633,49.581391224697164,32.95278734929945,1.8828869260774355,2.0389450887438656,0.30385109427343054,0.028493206541757677,1.1838329546837074,0.3127760550354391,0.027470661969502944,0.24211882079775646,0.8990070801373166,1.6051342680564125,10.149572342789343,367.12415321876756,1.274946936852277,2.537155883910709,141.34063912309517,0.7153913525704069,2.9445647692557073,12.923631223702717,195.1139517671525,0.3429137816339141,11.42294709296172,9.394854225721344,0.082755191775631,16.07926408386027,0.43404999369169467,12.68463141602447,0.1335482624410524,22.608960266685774,51.527101728185166,1533.986177588412,1.66564446043113e-05,0.005452883541455639,0.0024075201067039146,3.3743116173835883,0.033722041513809295,0.0025668220455372834,26.166905482573448,1.164746849606848,4.559401536535581,1.3283443733442553,4.604038674137288,0.3812973607875457,28.486164473510048
VISpl4,0.0024952316676047025,0.0004611979479013756,0.8729175217811235,0.051824563740780996,1.092615981331974e-05,6.280108327894422e-06,8.18993885529982,0.02494756161244712,0.09634965673948298,3.061889389159446e-24,0.0007667744495220293,6.626812004127378e-05,7.8259283784850355,4.6891334423727065,1.0912173017010115e-05,2.357393345119311,3.021639888059484e-06,0.0007856071349347829,2.7648323062804905,1.969578305609501e-05,5.892672553685167,0.01541307792853136,0.0007240949349203712,0.04182365675514728,5.280096466507256e-09,0.38915290262819235,0.009799929587109726,0.01162222518338578,0.00136829249711576,0.0004309395035214158,0.54607224312947,1.6131542223073558e-05,1.422438676519407,2.4746421126389627e-09,0.18950401709267906,1.5853991149163817e-06,2.0655330003148813,0.043759675716513076,4.315456704619038e-05,0.580492546787789,0.01876169172028869,0.01189822321792491,0.31005699360834676,0.7677663253128348,0.3990936378057276,0.3031922891009676,0.028674894760426374,2.3326789373750016,8.183298562849608,2.2962387642812914,10.177977137772858,4.321536665043959,9.182393347501325,0.14053142414448722,0.20408894118279874,0.361753798417259,0.009482718708983769,0.2012466411509942,2.765762040375456e-10,2.6357359894364087
VISpl5,0.018925980982287767,0.003142983712706794,5.779777980572591,0.3353639316134716,7.134802310135206e-05,5.183351631513749e-05,53.29816816542444,0.18114414022883496,0.7182310297833604,1.8533426313746558e-22,0.005612022887271574,0.0004936703020189374,51.55979653624605,30.738138929552786,0.00011348631113193925,15.648339481484548,3.0431552377335953e-05,0.0053025055221342715,18.186140867255705,0.00017178219328984161,39.446576285795224,0.11615178316244844,0.004736314730715362,0.26983589665797497,4.303969567935726e-08,2.4944268685184543,0.06426988668915873,0.07582696055213445,0.01041010284009438,0.0028761761424427362,3.5573746014202876,0.00010087610203093944,9.015822967946553,1.5525241794399563e-08,1.3882786465110903,1.3787899072328917e-05,13.357733152443062,0.2942602186522157,0.00032899351808434124,3.7569428927439574,0.12470118338440052,0.08940100073373686,2.029786883279703,5.1036389989471935,2.628573213676737,1.9780315350732254,0.21814216215170476,15.969051158322259,55.97184374615775,14.76691226580688,64.49862771706427,27.959964903448036,59.980364007729605,0.9276651209069781,1.313334914770922,2.3310101069229434,0.066918967139471,1.2913848681456879,1.0045541006457603e-08,17.80164245182074
VISal2/3,0.6171071754028653,0.02103584381269454,6.052827094660833,1.07502040065448,0.27639860877359945,6.634238601473864e-07,43.19203359397138,0.34931812964357045,0.46693565531922704,1.650887868893941e-08,0.27098669551053556,0.020977394622271796,40.61308080902098,23.37881597209225,0.02395220362608802,64.14122791739798,0.03298055120558209,0.008290008473782445,28.25482688880272,0.00012696720160960227,10.92399410158019,0.02875021397069591,0.0011767404447821672,0.029222341684331063,0.06847263553768043,12.213010930387686,0.02260515532964001,2.4860665764944594,0.9366681162823964,0.0030613934671144035,1.493663603225817,0.10876408897994641,2.3818359478919713,0.004491986545761965,0.7630848791336377,0.012666061985568276,14.50343170140241,4.4020378444154495,0.011174426583297552,0.7635689489720964,2.5164187326832845,0.024609857264157774,13.222407311399746,1.3866494134976708,14.0376622069219,27.442064488718994,0.5667071380749441,1.5301475650277339,10.538871873263655,48.29590721698753,23.126331229777186,14.226674029664363,61.405273731025666,10.98717216317388,3.856087164090152,12.222504469073169,0.16846169366258196,10.350887482677829,9.291033970444797e-13,6.554579589551289
ENTl,0.06191462657288554,0.14991481355603717,0.7496535969755336,0.771715622521383,0.0073420389736992536,3.4980756266034554,103.86667320618673,1.0781629220094635,2.401932173651153,0.0,0.016709738729884606,0.03661870997934467,9.424651345330028,7.103133041061277,0.025729186023660772,6.698262216194618,0.13975871754149966,38.15426616447994,50.14207959409633,4.96062744543303,126.23613128804399,4.7103579207576916,167.7047584172471,1236.4607851820588,0.0005397821817204741,8.715066298996588,494.4952110126162,4.042624721045189,0.23789861844855384,30.576475135363747,1294.0063424572973,0.001834313248009173,2008.6444902622816,0.0,228.81747319830458,0.00022545932828736215,0.5976179977097995,3.219137700518653,0.007879124204935613,1003.6079165637445,9.827123465437706,6.4504883317726245,10.72252441011552,890.2184699930691,7.537717242467184,36.315032667297494,0.25931673778866676,10.740805333593649,91.6081358931416,88.30261535799674,20390.049948579683,116.71750036831146,152.07257598047875,19.13376928501737,70.32312961835974,11.745751667701128,2.886300659244737,5.02627576057067,5.76471388771828,4444.647409141922
RSPagl2/3,0.19820938152596415,0.019309963445855276,7.8177892312895585,0.9991155692780842,1.385199705258464,1.631090867339096e-07,47.73809520852157,0.42522709898788685,0.6368817629083544,2.9188619863972013e-05,0.12714250609476496,0.056984106668274324,79.20293634626752,53.37078103089123,0.0188236505988349,139.49217430026903,0.15609141978975138,0.26344849179073626,126.19145759713145,0.013078819478250542,15.37214069006309,0.016441975426562516,0.05797607670429481,0.05106254310509767,0.26948577007729313,4.624890003638497,0.5624594987161866,8.410569416011938,0.7705115688577082,0.07886184928222835,1.36587624347214,0.10845620184662777,1.5157119486169157,0.0023286563392645914,2.6107917668373415,0.020115313167814237,20.301424826858256,23.72118334878857,0.021854295449665825,1.6885258463446047,23.67487712223778,0.02343519902043834,72.53828636633878,8.600885653318445,18.545719237122782,143.50140033218034,0.6178908050616376,2.8143215735953167,27.60982433120822,18.454896135782125,26.827477690504047,143.156808866851,27.87652119121259,33.89625097299596,10.74884692729194,15.493638445911943,1.2769568455248992,12.130786985063017,0.00991134574977451,31.405759152449757
VISl2/3,0.046749593419127766,0.004426255151222423,8.752324635727861,0.8090207787829882,0.019857784129613303,3.336347542317472e-05,80.23552648131037,0.2042400235012715,0.386514052267052,5.95458664215914e-13,0.024125092168279547,0.0035233747628454345,82.02882798646966,43.66884200872752,0.004564321684419166,45.628711034823304,0.01310448793672028,0.007726745301094004,34.27326628486375,0.00015151479675482005,33.88089398079506,0.04113125424943954,0.006596600466046502,0.2980894433186091,0.004991969616396154,5.879455493313257,0.08019299092679141,0.4145032838782974,0.055840798178481484,0.00541902857087986,3.3956171208870725,0.008553302784279408,8.840491192503427,0.00039087620564594674,0.7990384024369562,0.003774046731887437,22.87698113839123,1.7103007529502183,0.0012956966025680803,3.3611042911411473,0.5403823817571239,0.030863805447115634,6.6083524176665085,5.2266399820951746,8.395242449408995,11.288584130661802,0.1023340919358097,10.361272734087317,42.298160497800886,33.66252279115365,65.76799660416502,30.223617005221957,97.51986334093456,4.8618445634824905,2.1935982705843364,5.9545126064806615,0.07664038357781607,4.355380591236356,5.174865280992248e-12,16.919611292503934
PO,1.8900104256614132,0.32692225188947993,0.5950766273459526,0.07181932982311129,0.6868668267921408,9.189665447268269e-05,6.43735483723574,0.6675427810736235,0.9913938193454429,0.00020842927707913637,0.17955448266883403,0.012133183577817716,18.268872363455316,3.538668211081188,0.025111429716651187,37.095588264515484,0.01247700290436083,0.24019899107467682,236.05808284352736,0.009201725663727909,1.8951261435451416,0.3122336218134865,0.722405148171962,0.3666213101498015,0.030580030778056256,1.483941439545597,2.391711280496267,3.359755848077841,0.2290140301318392,0.4504568116475519,2.974503901176717,0.43383627256300444,1.1008018549192862,0.0008298558061781649,13.054430096929906,0.03620186133172071,1.4456533468016501,56.093182048387256,0.009314521911762666,0.1223457283369643,33.57077827816966,0.43569400527277763,176.2282443706932,1.428535216967183,393.30174763370206,35.94193889782221,0.2769999398778304,0.4260361101701106,3.2899968672799127,3.9850122379336144,10.46673143503515,12.606785427344175,5.6612131453444094,633.5720337032002,84.67289852147908,7.1805259417074065,2.5389373215896867,2.892767547936011,0.05700499732829722,78.3179585783335
GPe,0.43302352074174977,0.19823869803257035,0.017470053690557822,0.17233064462698416,0.17118396594751897,0.4797288450167804,0.07931454907473309,0.36904778985090464,1.1040132190885084,0.003909317680163865,0.3862332319386087,0.023014740018279932,0.050953130727868584,1.9518250086811233,0.08612308167434903,7.784580558072764,0.10093558534611391,21.14327024165971,651.2609078047341,0.43546866188684585,0.07652801381255094,0.5564969214411247,26.512507116672516,41.61786787205701,0.00021245186085101108,0.12840306835410759,94.05845890492031,7.662770184008705,0.19349202648211974,7.042391597668602,1.463079604979104,2.3566079781786997,0.34924109604397685,0.02837262045886888,19.384797720779932,1.599457519960714,0.2220953060786512,188.45951521830392,6.642518812945352e-06,0.019652659228321052,163.06201246063188,0.2632867946692376,46.47358677244109,0.0385917269182709,34.33154083099807,178.84289200158958,15.730761717513122,0.00315561276370179,0.021916695683221788,0.05738494001564502,15.662816966904302,0.10147659258325446,0.017284366433287613,51.407639138788035,812.4354291707152,2.713107229108418,159.64370150722462,0.8142337245227333,1.0355713342355302,12.028923282296985
POL,0.009618749888869453,0.01420156713429992,0.21831385349927823,0.07189146929969814,0.23671230559484419,6.924910080284813e-08,3.547848827273057,0.041870261695551636,0.04414170575738912,1.6535799205914649e-12,0.002587040481331857,0.0026188817722277917,8.838028328097154,2.105011056787225,0.0046479510878674555,13.408516475881317,0.0022295124662789732,0.10312018994975433,37.290835387878936,0.0029529555690603845,0.49153395819370743,0.022462930297074853,0.07975081247214191,0.35552402637106345,0.011095562055670357,20.465634514755138,0.2244447510119849,3.5991155163967297,0.0028185698692554614,0.030282659640337422,0.5079215655575735,0.009216414101071192,0.15001733097098288,2.5508229817304087e-05,1.4164402535336338,0.0018106610899126373,0.9572823943823319,0.6475543054431129,0.0028377916896851563,0.011894305425338167,1.4407071994049343,0.052197859991324855,27.64311542968287,0.005643213483517966,35.09840937141304,25.70546016699019,0.009124320203685261,0.15014651927061068,1.0453413542414276,1.9473339439705242,2.916007762083524,1.5299071772338495,2.734010598788074,28.247716932106645,26.15404934634787,7.432903948833148,0.784010399832285,27.3780616155207,0.00022400134081142345,12.298339841529465
GPi,0.1983832800318723,0.050054616982832575,0.001597307746064241,0.019044321600961697,0.03370048632844374,0.028905375843683495,0.010988358535597606,0.08578095712108452,0.234136530160048,0.003480314933076572,0.2581536296719744,0.012252857027444122,0.006964404391793222,0.2285928649567802,0.009490949579137913,1.1392226133872714,0.011162500849404252,6.270101024995573,83.45141966456764,0.06294311467485673,0.061494570180054005,0.027973248887969905,19.221570723679253,27.219803695037346,1.548404079206899e-06,0.015072559194500559,25.31277225962667,1.188046732143993,0.09813166990407046,0.8436239792450595,0.2382648776430604,1.2605040854160043,0.06847587759402303,0.004414892055558288,8.077055890343534,0.6758650881536146,0.028031257177805812,21.36755165764913,5.481019966588639e-07,0.015466808019351377,22.40544856193062,0.06502234344720334,5.972726991879558,0.02744810286569956,3.8369682629979205,27.40256227234289,7.733573841565763,0.002864723704301168,0.019977663852224225,0.006351717408444256,11.331946296014799,0.014399213097022839,0.0019131394631511352,5.829373739123268,108.67155113710422,0.38466851122651824,23.810534115064,0.1194748204321263,0.1413889710625804,1.9121700407642315
MGm,0.02804916970147925,0.011837700308569966,0.05971000287090771,0.06625345782958113,0.11756193728055188,4.9593903137287714e-15,1.5361071574477299,0.05092634031439572,0.03290749610063639,5.798112622930756e-11,0.0004705670177312576,0.00035358635936170356,4.694786096527283,0.6141497882998223,0.0031904689382082586,2.570180560264408,0.0002421973835250592,0.09245212741111719,47.438193002922596,0.00027045708874419997,0.06878164559848872,0.04805322055266694,0.147141704868348,0.11333044135353823,0.001013759109488564,7.850575505050723,0.4594615453872442,7.063483721623084,0.01999147910511567,0.06039466234761328,1.067135174308753,0.0022965403973701356,0.24416260921269767,1.7485628505055844e-06,3.551158573822882,0.00026799833417999317,0.272835857557471,0.11203822123574239,0.00024796295894919464,0.014079262991218758,0.2601498578081554,0.15378676651201756,63.57781965959282,0.002419922853345704,80.22783032076171,36.617465706729476,0.007206271701142159,0.03485430385576876,0.16725255359360142,0.8173511271386317,4.739809584049664,0.1635590680752152,1.4176471685616256,24.67196779131303,61.182595020322175,2.9489108571888734,1.6754972427257406,57.037398108650436,0.00038119926283526677,12.036945763325157
PS,0.0019299019012896438,0.936493632241658,0.004101559333060807,0.013992168866709065,0.01902305814197518,3.617170894037809,0.009763488997031425,0.01981360934995902,0.021436735232321702,1.4016153014325493e-05,0.0042294362622231005,0.04262791685473905,0.018929314916801488,0.03639686709410539,6.149247803944742e-05,0.11933970588683865,0.0001076236887420766,11.777827850546009,1.2394206968636383,4.656270035289583,0.005969628044014579,6.801562383911966,0.4066124707835363,0.10860400664625061,0.0013409134334804902,0.010682601019280253,21.273744318844813,0.10145013909753366,0.001781552241403946,29.902234577818913,0.02612533108445903,0.10049080368984385,0.03328786453951756,0.0018708713068581765,8.083237408999876,0.019921502010145996,0.003214924250854228,0.056244805461207734,4.221606795471358e-05,0.02635344906373643,0.59195343743881,2.169667771102488,0.08457361778127082,0.07095204043998375,0.013507949938300824,4.034311690655502,0.21468896459770725,0.00030094880412741645,0.025279248717688378,3.809181874657683e-06,0.3112453317911437,0.012009930418413998,4.1636739873035945e-05,0.011050562693189001,0.11138570588367257,0.032710567947913244,0.12830893594748288,0.027346498649367,4.035224604300291,0.6298753768647126
DG-mo,1.951923507836378,0.8202062523176593,0.499740853968757,3.325526553463788,0.004729127668694999,2.861656998899181,6.877468297174522,7.138901920886253,20.10938929878987,0.0,0.000910008745305884,0.08211569609078367,20.856562284515096,46.91117657376331,0.021096003275732515,0.7994935669208268,0.017336334760522626,41.06050281088709,14.740864521146502,5.766879654384746,7.09497326090134,8.589546413280024,9.408490764895625,102.71902163973382,0.006841019120571228,0.4112129702473349,82.30709354161196,0.06230096400539581,1.8838389039434698,39.945689634453714,196.34838974757972,0.028468399538774506,326.44037914942226,0.0,447.7412329265524,0.0001442030877437354,1.3400759371251365,0.915151087662938,0.0010352073052121206,214.71425635902284,6.85420723055648,5.145106585356852,0.14337224251246666,254.34602743206705,0.119418319670195,23.315941956132,4.498904450666879,0.3705460302474771,7.786862453617333,0.9261209197955386,687.7304840361148,2.905611634157808,3.306124627860703,0.08466715117509038,1.1952865473330017,0.07740721708983647,0.44248714543179946,0.019894205951364125,3.315962423826289,19409.92418999957
