,RT,VPL,VI,NLL,SG,VLPO,IF,ACVII,ZI,PSV,PARN,MG,SGN,V,SPFp,PO,VCO,VPM,SPVI,NDB,LGv,LAV,LT,POL,SPVO,LGd,GPi,SUT,MA,PB,APN,IGL,NOT,VM,VAL,GPe,ISN,SUV,DCO
RT,0.0010658489278909011,0.0006784187412282016,1.7292142187611113e-08,1.0891913257579888e-07,1.2548897924789306e-07,5.548611171089376e-06,1.0546973941824364e-06,1.054838668688905e-05,6.176460012842196e-05,1.2872572611514401e-07,1.1734850131366298e-06,1.0753329190693117e-05,3.331915010779776e-06,2.9340506597244356e-07,0.00010165140876290066,0.0006316917654787512,3.3223761948753463e-06,0.0008991376778730047,9.096344623114488e-08,8.786175732083325e-06,1.6456806234150282e-05,2.5811650353778157e-08,7.100542524467555e-06,3.219166153816313e-05,8.36544330826497e-08,6.168731061427445e-05,0.00022166234346001484,3.6549841148576064e-06,5.097764259376098e-06,1.9509953649938942e-06,6.321430370015222e-06,1.0629319870287876e-05,2.729177983308594e-06,0.000572177973494129,0.001736618379608489,0.0001872360315953245,1.818198920541648e-15,5.285994396673324e-08,1.6803880964657009e-06
VPL,0.0008150553645921116,0.0009201813733104627,3.027623954850465e-09,9.641720719381798e-08,4.528915512089831e-08,3.3707668789058377e-06,3.896795957845594e-07,1.8293265602948253e-06,2.7757009563190167e-05,1.5751954087710002e-07,5.589762470354809e-07,1.3592468158110475e-05,2.8431076478661537e-06,1.8645049040337282e-07,4.3975683906820266e-05,0.0006345644110993142,3.304204581388656e-06,0.001310184826114736,8.27762246413561e-08,8.62944588566465e-06,1.1649839974190316e-05,3.397848495964641e-08,2.4730083490315075e-06,1.6818221566216323e-05,5.211564796787028e-08,2.0719375582587837e-05,0.00010278111416074621,1.641012389101309e-06,2.4648119843413275e-06,1.06431496010852e-06,3.5177405512626624e-06,8.030846940403844e-06,2.038423749260376e-06,0.0002537382651496895,0.001109706394691245,0.00019579165732954625,3.4130623829543955e-17,6.221602715682031e-08,1.503046644672394e-06
VI,1.838382364764126e-05,2.411438770988652e-05,0.0007942221043577005,6.0839673987311125e-06,0.0006435781489654301,9.373134766084084e-05,7.123426705533128e-05,0.00017992949133387786,4.600983487334272e-05,2.734422882702591e-05,0.0001695392767199019,5.37454966940977e-06,3.193031878720548e-06,0.0001128993150121485,9.083986228217691e-05,1.6169748438938755e-05,6.7740627379238825e-06,2.0970955196650193e-06,5.320371336172359e-05,0.00014397397375033767,4.204632475050967e-06,0.0006070680403295765,2.0543285881590468e-05,3.0918322507233875e-05,0.00012818516070643002,1.111424578549856e-06,9.519563822202752e-06,0.00014789187840341883,1.8765581510674206e-05,0.00025155221172665237,0.00010466777817174147,6.8658828700463764e-06,8.322545452307781e-06,5.797879032286321e-05,2.3471662186270602e-05,1.4820054024744482e-06,0.00013625279026863282,0.0004255232176848962,3.414026558427983e-05
NLL,2.562149371140517e-06,5.9227588451291776e-06,0.00020537038215383998,0.0005435626241113229,9.472373819241642e-05,3.0047900688819872e-05,3.670628106540419e-05,0.0007350053778970357,4.628040503995877e-05,0.000636370833114641,0.00018255699272606477,5.5582499760295204e-05,0.00010651270082187009,0.00036796897853240353,0.00015632842247262742,6.202462138769895e-06,3.293773592469879e-05,3.648977589166878e-06,7.320025725088821e-05,1.7307315826609598e-05,5.628862791799852e-06,2.5247242792792128e-05,3.653173086717981e-05,0.00019465849001810387,8.933589733768603e-05,8.600220972096693e-07,2.2683647038881753e-05,0.0009464388497279645,1.0149844102678622e-05,0.0004930683697019941,5.0450097368578715e-05,7.250501426884482e-06,3.689501116247445e-06,2.282764207687018e-05,5.885635250499422e-06,6.4613385784398145e-06,4.13129109328603e-05,4.097385635318801e-05,0.00011605724899159795
SG,9.796877862466688e-05,3.7690202194050634e-06,4.196501441437795e-05,4.430232778600837e-07,0.0009342487360428543,0.00019475783259306366,0.00042439866452531817,1.8925513966215544e-05,6.505797516854209e-05,3.5959846836191136e-07,5.3519963146024595e-06,3.2858887556022486e-06,1.4847713808410572e-06,1.1522233504872004e-05,6.935614066080644e-05,5.642976957779941e-07,8.83923002004376e-07,3.249511439329735e-07,1.2387898466475176e-07,0.0009720387167936056,1.253113485623265e-06,3.4774010757439966e-06,1.2511568024920898e-07,1.3933393494155595e-05,1.0154037552781792e-06,3.514301899404603e-07,3.833011934860154e-06,1.950256704056237e-05,0.00010333257143176345,6.91843914061371e-05,1.4416008618233572e-05,7.604839178544849e-07,3.125055732555772e-06,0.00015503881671551583,1.1049072536735796e-05,1.011315379508336e-06,4.186183398847143e-06,2.9460968559758613e-06,2.312290872290404e-07
VLPO,4.980875858002967e-05,4.3789472321204124e-06,9.995687118656166e-08,2.862614976848362e-07,6.968997057786122e-06,0.0017271414563160823,0.00031998981011940923,2.2064486123618533e-05,9.29879780879089e-05,5.213265981504396e-08,3.981694775181596e-06,5.127697670301958e-06,4.150286325332798e-06,2.4341648948578837e-06,2.737869430178219e-05,4.190473826793633e-07,5.968462962999713e-07,4.266796752882826e-07,3.203199718524197e-08,0.0005520059149450357,3.885335969543355e-06,1.2449256640393885e-08,2.904124915520135e-05,9.06752155717082e-06,6.738226848147986e-08,1.6567748847074562e-06,1.3649665522756927e-05,1.7598153852271685e-05,7.399461323606942e-05,3.6614625115966605e-05,5.700434323957801e-06,2.807985839616875e-06,6.011671078203372e-07,3.05190209943377e-05,3.3472377128009407e-06,3.71197349418608e-06,4.856548708091663e-08,1.6361406183553215e-08,4.0484250085769024e-07
IF,1.1333742424654684e-05,1.3850069365118729e-05,2.861696737825041e-05,2.0060282526966015e-07,3.776218215255112e-05,7.405478613871816e-05,0.0010330622951309745,4.252013626964001e-05,0.00011786786195953042,4.920845901218799e-07,5.8698261596374124e-06,3.6564415334167563e-06,2.1670849793065444e-06,2.8240852248678034e-06,9.860396549046556e-05,5.498929501254067e-06,3.7478721944768133e-06,1.1914126586046006e-06,3.7765446952283565e-07,0.0002680638943063462,9.424537632526392e-06,6.727891090756156e-07,1.7708408557468713e-05,1.7931244759016208e-05,1.0214275674042317e-06,1.8067979795394386e-06,4.370847262792149e-05,2.1401024437101042e-05,0.00018403625249326547,2.4282733592211648e-05,6.830817188674572e-05,8.224252812924103e-06,1.2477377439022176e-05,8.86255765724393e-05,1.8947468790506438e-05,3.441412322290467e-05,1.120286390836258e-07,4.73619531708416e-07,6.343266500800501e-07
ACVII,8.032873410679339e-08,6.638141406586864e-07,0.0005839753723103683,2.29473859338192e-06,2.9522774266015607e-05,2.9406844288882407e-07,6.644203112195419e-07,0.002902524863520557,1.7528467865186843e-06,4.8365369633843155e-05,0.0006836381587543617,2.1332289869769449e-07,3.763584790192573e-08,0.0007068289346457735,2.512283033381976e-06,3.036087208845704e-07,5.248934509864718e-07,1.1472688789857929e-07,2.938607132003965e-05,1.4434427093406085e-06,1.817959444105011e-08,4.88862219422109e-05,7.288116660483045e-08,9.195522539412548e-07,0.000232414006110198,6.3382553760594605e-09,1.9948268149756073e-07,0.0005962102235585531,1.9914974609960254e-07,0.0002159221587263141,1.0480876850833753e-05,2.0894037635356425e-09,1.0999422162047945e-07,2.407298045513024e-06,1.0100186018672712e-06,3.6443407509599146e-08,0.0003567508421658485,2.595921170551199e-05,6.788989624132151e-07
ZI,8.328190475163317e-05,0.00022987628521787846,2.460844143646133e-05,5.876865667327928e-07,9.547854608122227e-05,9.485536097046303e-05,5.8971110492062794e-05,0.0001462891068604513,0.0011814084734392675,4.014436800076201e-06,5.128608361111178e-05,0.00010608725709186203,6.201869671124786e-05,2.7472449984082555e-05,0.0011732400923375145,0.00033091777884377633,6.930690554614862e-08,0.00013034502868363178,1.4764848725021062e-06,7.471634730225871e-05,4.9638258374065166e-05,5.23005314718015e-07,0.00010104181608572653,0.00021631832691921453,6.980015789800941e-06,8.240668234623776e-06,0.0012429263955392278,0.00011585794069134016,4.2226410662334615e-05,8.309680590444628e-05,0.0008490977103327814,6.126137274424824e-05,5.5643977290825674e-05,0.0004921798906276531,0.00029214362829455264,0.0009997336644116572,6.98828483298367e-06,5.413459446858925e-07,9.622875671737511e-08
PSV,1.8025951077340333e-06,8.130301930163475e-06,0.00041239996870040383,0.0005515122272969672,0.00015265556080433553,4.215985456178952e-06,3.3151097354033208e-06,0.0009808878747907435,3.5358100210739706e-05,0.0012370048114042564,0.00032457837884224827,4.09629891178508e-05,8.350536044869613e-05,0.0006845744526895401,0.00015182303552458627,7.904487351771194e-06,0.0009373529768402543,7.5460061735469754e-06,0.0001693541642982024,6.09814124577454e-06,1.464691189591722e-06,0.000630944954723967,1.9989674199226515e-05,0.0001602232982380866,0.0002561188733662442,1.7844413578178753e-07,3.5629527838002733e-06,0.0015722789514812153,1.754836121658507e-06,0.0010064592444956595,4.720400116453594e-05,4.5190493514031326e-07,1.695917561598629e-06,3.555102052015401e-05,1.0315772329518202e-05,3.2416901930384927e-06,0.00014393176174416883,0.0005052504640889842,0.0018004502907126
PARN,1.0426273097568985e-06,1.0973837183863956e-05,0.0003636217134818456,1.1884054910411328e-05,1.8117171675499906e-05,5.831426426907124e-06,4.8416280202783545e-06,0.0008699733778834585,8.796668482089751e-06,0.00024116359567735826,0.0008781223019068352,3.124817135231989e-06,4.4478776694187115e-07,0.0005762033570608964,2.655504527480696e-05,4.9247307253525885e-06,2.269117363159284e-05,8.515048272529385e-07,0.000286896780618656,8.75177005249538e-06,3.397156012336719e-07,0.00036908752367823065,9.284867782615631e-07,3.5511287433668093e-06,0.000568790827780915,1.9059489414535112e-07,1.953976776790604e-06,0.0005515426866610098,8.715567142574213e-07,0.0003337060864126938,1.527478498923143e-05,7.871650249160127e-08,1.7059491073554106e-06,1.1871131098565902e-05,8.760273958901565e-06,4.416766842555027e-07,0.0010792511048859704,0.00014475020423131206,1.4942675708978473e-05
MG,0.000503780356134901,0.0009245145381440008,5.322318780037473e-08,2.403913520577424e-07,6.178686201820861e-07,2.4584591988119126e-05,1.416501858517818e-06,3.1218863493822284e-09,0.0003831643633820908,8.881766144077771e-09,7.8332405927373e-09,0.004315540837130966,0.0010412764911101352,4.222730473248755e-09,0.0009418509747876484,0.00014310161667734637,1.6636292332208267e-07,0.00038476051260265726,2.927795568719025e-09,3.307341856552943e-05,3.3759925416011765e-05,1.9453682910448501e-07,8.132832708629618e-05,0.0003196813394256773,1.2409437680930345e-09,0.00018203314532807562,7.278083940969249e-05,2.7159101056105488e-08,6.1602001971204274e-06,9.733832565970703e-08,3.3960403805053983e-05,1.5780950214348894e-05,2.624167158816693e-05,3.81370778266421e-06,1.5647892066519569e-06,0.0005942850491020673,3.058960053866106e-20,5.54927613718416e-09,3.5937042184287445e-07
SGN,0.0005119297700152825,0.00038065918706051095,3.3962529621887216e-07,7.76369915071724e-07,3.9463242458828036e-06,5.466159833952039e-06,6.547978594685897e-07,1.8211387036956297e-08,0.00016149211303353523,1.8383119744032492e-09,7.864998073532215e-09,0.0016297131863472912,0.004472784571009192,2.5942436442955746e-08,0.00027788956003040255,0.0002315106984783017,1.6071373970857416e-07,0.0002794749374231397,2.0548781907441282e-09,1.2348004162919773e-05,0.00013040477037901376,9.955362164471216e-08,8.884884257581772e-05,0.0010766075138446273,3.3321748282504587e-09,0.0004015030098600672,2.1868696775878346e-05,1.7348531645188125e-07,1.592088763785494e-06,3.0097233349677637e-07,0.00011287416971036684,3.413510050380213e-05,0.00010912426370609676,7.5982822021315935e-06,3.3302804804733936e-06,0.0002455671235362772,5.469856047999216e-24,3.0745915617990234e-08,2.0818460528656454e-07
V,2.0346103040217404e-06,8.08492622741359e-06,0.00031469906682953164,0.00040311881181947563,0.00014998884724371623,5.574501211338143e-06,7.030967910804355e-06,0.0006972156758353313,3.984155795715794e-05,0.0010317414970650574,0.0002641377711287055,3.3668026507974794e-05,6.307214183890619e-05,0.0005873867483443437,0.00013347854656099362,9.671966637465416e-06,0.0007032895452277051,8.688714235129848e-06,0.00013040728115718851,7.4430006581012266e-06,1.940957102909854e-06,0.00046100250769871484,1.8411792371805536e-05,0.000121545032380655,0.00020661886325918646,3.1285006938085014e-07,5.927351088986771e-06,0.0015126213712773572,2.52235693066327e-06,0.0009205435181809473,5.1569641048921005e-05,7.443105085619907e-07,2.6468652979778028e-06,3.55332685288961e-05,1.125444402237401e-05,4.2409453360868984e-06,0.0001493856007138206,0.0003733522138679686,0.0014277386024572564
SPFp,0.0004820338595914241,0.0012510999888203766,6.520895445837815e-09,4.14433266086449e-08,8.252294794998225e-08,1.6936386347155885e-05,2.085799545057937e-06,5.2464537731143205e-08,3.2548234833958256e-05,1.865448823423826e-09,2.3590212512204926e-08,0.00026077811705467127,1.164428513364362e-05,8.681932516454597e-09,0.00010313226208682409,0.0008247613219498209,5.944042170105815e-07,0.001556818662471485,1.2485144478644136e-08,3.539058658080229e-05,1.1910722440658014e-06,5.3246443125587396e-08,3.821974520468858e-06,9.47889659231795e-06,1.0458193371002317e-09,9.216414373035105e-07,4.678369595240449e-05,3.3147531080469724e-08,4.7261949427879975e-06,1.2247214019092966e-07,3.53293583132589e-06,1.0752650518064159e-06,5.872393850166065e-06,9.330441196453299e-05,0.00012693867060492646,0.0006020563416895777,1.6564037344553114e-11,1.2434040211212834e-09,1.990587666777105e-07
PO,0.0005174388942163546,0.0006135646005461218,5.826517145779333e-07,2.3327540268746709e-07,6.8054857694159015e-06,1.4106274193462296e-05,4.673920531479418e-06,6.496889200032397e-07,6.179959966472643e-05,9.612271754173727e-08,2.142946940398868e-07,2.5343580784558648e-05,2.5222922641576197e-05,1.3789695908445574e-07,7.290969733410966e-05,0.0015564095437902922,1.2521087615425938e-06,0.000757203569780746,5.7883220280745696e-08,1.830862801240139e-05,2.2562915421163865e-05,1.1447625239907182e-07,1.0586655463079131e-05,0.00011072769658818684,2.2677538408963387e-08,7.654621167018342e-05,1.81533158699589e-05,6.407095388384425e-07,3.756120696756908e-06,8.562429886713526e-07,8.962985519235514e-05,1.9471005025012274e-05,1.8962983749123865e-05,0.00010983373872791544,0.0002206338468603691,0.00017053057286829749,1.890272195537085e-11,6.773912719875359e-08,8.850167765195824e-07
VCO,1.4135992461275814e-07,1.2726680047758177e-06,0.0001491444325593462,7.219453722164928e-05,4.5237295501764575e-07,3.574929486967428e-06,1.8273890042291115e-07,1.6174682438435475e-05,3.8216079109790757e-07,7.879486619360277e-05,4.922037593028688e-05,1.0971309210511044e-05,9.296080086256231e-07,3.8615716395783545e-05,5.6910474440028783e-05,4.832346156233307e-07,0.0031147973782710433,5.622019175255104e-08,2.3091441064162037e-05,3.3899372491671285e-05,1.4250564298620198e-08,0.0003160670486779272,1.821530205837255e-08,1.9477702728006521e-07,4.301416929760899e-05,9.654766216866315e-07,6.358144377799088e-08,2.0974633150386788e-05,1.5972687933470714e-08,5.439945345536197e-05,6.82843328133729e-07,7.897636371974394e-07,1.4892658128974483e-06,7.667330473798891e-07,6.936049452045189e-07,7.718760578810676e-09,7.009704531433672e-05,0.0002347062694018993,0.001645390390178516
VPM,0.0006440921892415535,0.0009294773626576331,8.534083348442657e-08,6.28001061757225e-08,1.0467967664776804e-06,6.159970878682871e-06,8.870096610110386e-07,9.313363103758122e-07,1.7498473674867193e-05,1.3771886215566665e-07,4.368576393230511e-07,1.410637152697034e-05,5.9504319205226765e-06,1.4209924823224427e-07,3.1811789091408715e-05,0.0006315471076316295,2.8124552118886032e-06,0.0014447649789126329,7.311453361967173e-08,1.0271232986731996e-05,1.2281110137833635e-05,4.8330572894610795e-08,2.167845139125244e-06,1.8193601050705595e-05,3.902144801516532e-08,0.00014351850763465293,3.2596502961253115e-05,7.377939085994548e-07,1.780180391666842e-06,7.543213301865777e-07,1.1563564087892976e-05,7.484558769543779e-06,5.963935658214414e-06,0.0001423161442479627,0.0004663252059135822,0.00022954079939280792,1.203782494703964e-13,5.385967075129242e-08,1.06799189244592e-06
SPVI,1.8727443869605754e-07,7.881529927753013e-07,2.852576860729956e-05,1.6853642206939818e-05,4.635763082784615e-06,3.341473532375945e-06,5.956843915950814e-07,0.0003604600974065218,2.376605474525464e-06,0.0006987606914560839,0.001004810972911276,2.176061041531769e-06,4.6960391557864456e-07,0.00034096295624550465,4.127237335770549e-06,5.477446898401205e-07,2.554623289083314e-05,1.3850445492614375e-07,0.0011910612777010195,5.4958917482227895e-06,9.742967757181675e-08,6.891438465982252e-05,5.53075122914819e-07,3.257104743665107e-06,0.0009814391838122909,1.4354660237645235e-07,5.91604104751635e-07,0.00037021992063323927,2.416207815296203e-07,0.0003904544975126768,2.5422212125380763e-06,2.6188487468269267e-08,7.197690189338821e-07,2.1317999877479747e-06,1.291814767942195e-06,1.723463663365106e-07,0.0009972418289893408,2.107882131608821e-05,2.1682258779151e-05
NDB,4.778240201666485e-05,3.3111451337673544e-07,3.5979535308363827e-07,3.283404591442846e-08,2.817133104735652e-06,0.0002851420091101826,0.00016734783620679208,2.1682094828940812e-08,4.304427985660481e-05,1.4910668237845482e-08,2.3250015938102088e-07,5.466612465490429e-07,4.413615967071773e-08,1.1168213672759117e-07,2.2152594647200323e-06,3.9266703447112944e-08,3.888121071505742e-07,3.484347102555047e-08,8.433047922306079e-09,0.0006840826533006706,5.135093312549761e-06,1.0487203111322854e-08,1.5689049612999268e-05,1.006192858188002e-07,7.114900425158437e-09,7.261750852326226e-07,4.278786370089345e-06,5.895694876126277e-07,0.0010353218373829244,2.8932080362796103e-06,1.6863401560357813e-07,6.679900089278943e-07,2.930152779654893e-07,2.468816621953533e-05,1.6169195448435888e-06,3.608488988099073e-06,8.384626585142324e-07,3.3967765109704838e-09,9.624708839189973e-08
LGv,0.0006180525082682743,0.0007264431255298603,1.2582073734347426e-09,7.816570638117255e-08,1.4547326390367407e-08,1.3540770991374526e-05,6.465874947497488e-07,1.5642785005416087e-11,0.00020736317057397263,9.981448154912195e-08,1.6413617364697126e-07,0.0023568615346934193,0.00013828600804706534,4.229178952437508e-09,0.0005242376166727282,4.017597195927917e-05,1.99384320052625e-06,0.0007171347056123166,4.371766732810321e-08,1.6869739346503288e-05,4.534842954542085e-05,1.2855227574373526e-07,3.839638582278996e-05,7.552666871073104e-05,1.889645789016117e-08,0.001046399718494409,4.054499335189636e-05,6.407934305878473e-10,3.1057520463062845e-06,5.5066339293781986e-08,1.0753349473037877e-05,1.700775657585354e-05,2.107986628763136e-05,1.5213875900353956e-06,7.475346322826771e-07,0.0003145420903212004,6.503365113921941e-29,1.8436748071928854e-08,8.81015546995274e-07
LAV,4.254925830136386e-06,0.00012300574746944613,0.0046316668603775535,2.7207857569688467e-06,8.160963041945428e-05,5.2896221755206294e-06,2.668456470195491e-06,8.454910403743568e-05,2.381529607216672e-05,7.103417653035992e-05,0.0004313310382528247,3.694115864598536e-06,4.5414335695409385e-07,0.0001507715985253587,0.00010385196113930098,3.915675346883183e-05,4.0943603885399156e-05,2.828167548376676e-06,0.0002586582959617486,2.160211677586276e-05,2.4417973260354426e-07,0.006201736005434604,1.1130194652196921e-06,2.7990675632468565e-06,0.0007070980194015438,7.04321106611995e-08,1.7353051666923309e-06,9.311252766132751e-05,1.1600499806991543e-06,0.00016599028792009386,3.950508787875149e-05,3.7180114788464726e-07,1.37979430675192e-06,4.989460241944502e-05,4.530153089680642e-05,3.838919803007446e-07,0.0006498097751675884,0.0008447916871244097,9.715539853660755e-05
LT,0.00017710347601061386,0.00018585322571327659,4.526563133834196e-07,1.1828583248463353e-05,5.753806629931685e-06,5.9899775521684547e-05,3.3965345690177416e-05,3.0305307190536553e-05,0.0006137044195873218,5.49476775040316e-06,6.471693763130704e-05,0.0004546261804288412,0.0007002319484185518,4.6818244542106784e-05,0.0016975847923564882,0.0001198794237580618,5.853914825213001e-07,0.00010657255744215463,1.127987605400765e-06,4.032163820643054e-05,1.4792777865738593e-05,3.2641062622060514e-07,0.0003922979908516013,0.00134721496386209,7.1628573434631335e-06,6.191806580277682e-06,0.0004214491371486708,0.0001595600793736836,2.8030968852758496e-05,0.00014969737692830968,0.00026065395746363606,6.8229380431939786e-06,3.446801657341016e-05,0.0004274679409965234,0.0002091988351739733,0.0002862629312343268,1.9385915520065922e-05,6.628388210333606e-07,3.5340399904102485e-07
POL,0.0005167940876602996,0.0006081648991404724,1.347334871766587e-06,4.092240797615484e-07,1.5693862797842053e-05,1.1140632204398793e-05,2.4113780046450268e-06,1.2627836543219836e-07,0.0002802647091598434,1.1593716569780649e-08,3.300876151371045e-08,0.0020524295774784567,0.0022262854112440203,1.0290825646813428e-07,0.0004947064381928097,0.0004383148157334902,4.645130245222414e-07,0.0004269006689711678,9.659108328165318e-09,1.964643944936473e-05,9.30807568459964e-05,3.122651819471578e-07,8.214076521198603e-05,0.000727664734382117,1.3175273955185601e-08,0.00023841168952067114,3.605888027559608e-05,6.884688220641253e-07,4.288016095404457e-06,8.151304165062986e-07,0.00020507318429983324,4.765925966294574e-05,8.487645716827168e-05,2.978482331418716e-05,1.6081870914425593e-05,0.0003333435613634773,5.266929668882656e-19,1.2194988681710258e-07,4.881984685987839e-07
SPVO,1.1060991740508078e-06,1.5989120133548646e-05,0.000504483855158774,2.0640135670132645e-05,1.2316572834790182e-05,1.563068817105181e-06,5.460896901356317e-06,0.0007684850035860277,8.080771029615971e-06,0.0003665139463183207,0.0011067476129828146,2.2221483508185787e-06,5.820372923469764e-07,0.0007637829266739732,3.5642713941805545e-05,6.984329793881343e-06,0.00021628584539117293,1.2053291657615783e-06,0.000375390369807757,5.473896984603427e-06,1.2984600425009286e-07,0.0005696417085021711,7.463269239979015e-07,4.873926669453556e-06,0.0008761814599659867,8.613198213059822e-08,6.624314068145829e-07,0.0006193032639501418,4.774704765420079e-07,0.0004406132865750844,1.4460973392112372e-05,6.933250307131477e-08,7.694916131764294e-07,1.3853125306297891e-05,1.1867720073566546e-05,2.5986822793773925e-07,0.0018279730545473856,0.0002170649507755694,0.00011828688092661192
LGd,0.0007990048603970818,7.251557891226415e-05,4.2829789383133664e-08,1.0384510614781137e-07,4.964618519358145e-07,9.938183954841721e-07,1.0494476368075623e-07,7.114631417076927e-10,2.4013871569602445e-05,8.039894846844987e-09,3.948173986343094e-09,0.0002501597636066488,0.0005042040133110037,3.3407050064844514e-09,4.6052219411960794e-05,4.2515026613006695e-05,1.5065266871588562e-07,0.00010353244107829079,4.700045595936544e-09,2.4398766125420033e-06,0.00015953365378234866,1.5362381606147823e-08,1.1097023242113828e-05,0.00012263679986444258,3.0422599026250487e-09,0.0036509739637476733,3.6068273265379508e-06,2.1858493681522883e-08,2.706072208316771e-07,3.691667509474422e-08,2.0587212540609493e-05,4.575113411883216e-05,7.599423034811892e-05,9.229048041924148e-07,1.250084206336018e-06,4.64393495763657e-05,6.405253249479828e-29,4.185379863547774e-09,1.2931665127151948e-07
GPi,0.0005423970426740301,6.22131850052144e-05,6.8724911736231076e-12,2.7694994889602864e-07,9.413101169578965e-13,9.0189092994356e-06,3.949804801098496e-06,1.0363596374549969e-05,0.0001418691855813751,1.6623019032096531e-06,3.034728249895853e-05,1.8392504711479889e-06,6.9698321060692e-07,1.823605131888826e-05,7.563089596639203e-05,4.088956354981522e-05,1.0800838339245807e-06,2.2130141900531307e-05,4.884133413335997e-07,8.730915186286053e-05,5.23283040368098e-06,1.927606960577105e-07,1.1175734454883396e-05,1.7588634671269534e-05,8.897777227867569e-07,4.5767744552167935e-08,0.0005246249114504918,4.4797146962064315e-05,0.0004937874975377988,7.115406932134386e-05,8.290422048772717e-06,3.1093153506182434e-08,1.2415291874707877e-06,0.00021700342137771135,0.00025185621759306077,0.0006567555452366438,3.2678891636933094e-06,1.6817096114660234e-07,2.894281202113792e-07
SUT,3.845080910208624e-06,8.043946533424659e-06,0.00017148274153199687,0.00031459095395489696,0.00010877522246781667,2.6669681526570982e-05,3.1364209866491224e-05,0.0004352767841512214,5.188399770378595e-05,0.0006569200635752376,0.00017768930143722872,3.744107126203189e-05,6.304600571894048e-05,0.0004366437799705007,0.00013906430757787926,1.1711728022904235e-05,0.00030605627289871195,8.094697837757598e-06,7.270869131284408e-05,2.174092021373091e-05,3.7875163967481714e-06,0.00019014243011550376,3.0282817304191992e-05,0.00011808134840960444,0.00011982511717621465,6.965169354925754e-07,2.0815214282941353e-05,0.0012676684037055829,8.995294337655087e-06,0.0007828717943024932,5.115454521734445e-05,3.0743183188778824e-06,3.383754675412625e-06,3.4639839906387195e-05,1.00650632360044e-05,8.314382270840103e-06,0.0001271923377095731,0.0001621788814608627,0.0006986110417400108
MA,7.744254814303316e-05,3.7568869794909173e-06,1.0056611694638041e-06,1.0157526021867798e-07,5.154300483693808e-06,1.8897505878065135e-05,7.757281350126195e-05,1.286974297131711e-06,4.1037803335499956e-05,5.30733248216069e-07,1.0213583042690581e-05,4.6070228393700427e-07,3.3638350804364017e-09,5.66605904887004e-06,1.0560602634401103e-05,5.342988662919955e-07,3.685284240996346e-07,1.2386046257417712e-07,1.7540786691835635e-07,0.0004493710755347249,4.1564127522552464e-07,2.197780495943946e-09,8.822500369178004e-10,1.6588446293301598e-06,3.210442967164465e-07,9.563142032216694e-08,6.055379751721448e-05,1.5226945146410004e-05,0.0016174118712663967,2.515045178519665e-05,8.544746036144906e-07,1.6600281029408298e-10,3.775406932479531e-07,4.343554330068844e-05,4.477095796891092e-06,5.383310568787477e-05,1.1983363970354522e-06,8.454260294974996e-11,7.54795180178496e-08
PB,9.308116013065616e-06,1.3267057682283846e-05,0.00011211914171617877,7.660246134298508e-05,6.59049220305664e-05,0.00010817914884095015,8.529583513108777e-05,0.00026464817600228456,0.00011370589380589849,0.0003519377660081088,0.00014733214350544512,2.477705530774229e-05,3.954562538825868e-05,0.0004430438146518217,0.000191343298360768,1.755288467143501e-05,0.0004377538174460354,5.668874960457613e-06,4.996994677408877e-05,5.134181845846259e-05,9.916614494505593e-06,0.00028741435541395364,4.943851667937369e-05,8.491165447854645e-05,9.886346559375858e-05,2.0145221038446098e-06,7.276724644878616e-05,0.0008774834679453424,3.170920190338069e-05,0.0012039246572302766,5.284973400911654e-05,1.0511071231909483e-05,6.432422941046998e-06,6.48214224420484e-05,1.3382080340817712e-05,2.317033519525271e-05,0.00018482712644256671,0.00022460127041535748,0.0008388045340578487
APN,2.720564504612327e-05,0.00017586307931925942,1.1729459917134105e-05,6.017862672323028e-06,3.234688996612278e-05,1.7323271119547816e-05,1.991026924070876e-05,4.1113542366117225e-05,0.0006141851484798119,2.801567997562826e-06,1.9466972863041225e-05,0.00010766397831805949,0.00010757945614443488,1.1042426576911724e-05,0.0008741096865357063,0.00035974399260111766,1.5959372304430944e-06,0.00010180498812738443,8.35676055073988e-07,2.427060751272008e-05,0.0001313778003918964,8.14604722224535e-07,0.00010200173042492894,0.00036463163258977036,2.1690804531074883e-06,3.5097570871834545e-05,3.1694797572938986e-05,6.098034612000725e-05,8.266234943281642e-06,5.5266712008731666e-05,0.001248665032822543,9.002630834445005e-05,0.0002654922538161598,0.0001372525102534676,8.468598376292188e-05,2.284435093353382e-05,9.28563349298005e-07,8.781574038457844e-07,6.943927008615987e-07
IGL,0.0007045431781388022,0.00039836092824747883,3.3431982856486013e-09,7.632640598918278e-08,3.871568745045022e-08,9.634387836572282e-06,4.7163143845346366e-07,3.6545817818836345e-11,0.00015722293978467965,2.8610026184024847e-08,4.5769917223658575e-08,0.0017871741040896016,0.0002728647676441835,1.4060119870726136e-09,0.0003932594739464455,2.7955991846671552e-05,5.661953762724244e-07,0.00026598327691735533,1.1842515071063836e-08,1.205843550548661e-05,0.00010503701837425695,8.493963218808239e-08,3.135204279003253e-05,9.47011126217694e-05,5.0709818130909334e-09,0.0024513843481146114,3.020526483777527e-05,1.7076503503090151e-09,2.306542641946447e-06,3.3753816164180985e-08,1.4485515369616904e-05,3.286890805892341e-05,4.8644879594955124e-05,1.1944826320820922e-06,6.639904321979442e-07,0.00022940689881146425,3.706408485043731e-30,5.40426382629392e-09,3.206728618335285e-07
NOT,4.1681696670618434e-05,9.262405240929232e-05,1.8883017105745652e-06,7.225120582444459e-06,1.2052954420314266e-05,2.6639972063219116e-05,1.4728948308765493e-05,3.276377691314482e-05,0.00030812773298189594,1.5585608010149588e-06,1.4125507198901947e-05,8.758776791703588e-05,0.00011850952828501259,7.600611605037485e-06,0.0003897023257376027,0.00014979012288041365,1.3647512447789628e-06,3.414978740808322e-05,4.789190724898157e-07,2.3107953741480876e-05,0.0006063110929695487,1.8654689480556745e-07,0.00021303965799212543,0.0003161334585550324,1.4663765312055568e-06,0.00018586214636569663,1.971500375444776e-05,4.3929133947878064e-05,2.0803869030253983e-06,4.174389399839233e-05,0.0006430837167741043,0.0003843816845883234,0.0012487375221407206,0.00010180034371604389,4.4035951807608506e-05,9.183165191104614e-06,1.921173637234388e-06,6.267714053079867e-07,1.4310840965899763e-06
VM,0.0007325146929888172,0.00016056856283647319,5.076195632368654e-07,1.0577467724015401e-07,8.531639972375991e-06,2.344725805474341e-06,6.29867285160934e-06,2.7991341771449127e-05,0.00023401051097433383,1.821901308079464e-07,6.338371848724566e-06,5.741136225077223e-06,1.5766828076713758e-06,4.080228783780499e-06,0.00022454634371106642,0.00017046873252854594,1.3384955350537927e-06,0.00013870444757224404,1.5095174162789967e-07,9.516852051660213e-06,5.492191441499119e-06,2.33705852204653e-07,4.506188646847241e-06,2.2452570485545903e-05,4.3861738820974457e-07,4.879692713020082e-06,0.0001057008277612496,1.5936998304295036e-05,4.541189810341617e-06,2.029837289449063e-05,4.401418649359805e-05,1.2365567265631281e-05,5.674261913216403e-06,0.0028724411944857594,0.0008824490120704673,0.00023984890376556138,2.056203828716961e-10,1.5725776472631694e-07,1.6017132910595143e-06
VAL,0.0008867463267244842,0.0004967744362580474,1.4232334097808553e-07,4.921585036641004e-08,2.203191725852565e-06,1.6897743005048503e-06,3.966807819370044e-06,1.1629789984285012e-05,7.567079560682876e-05,6.26838770136059e-08,2.055655871884524e-06,1.026518773979197e-05,3.977884053426326e-06,1.169846871268637e-06,0.00010575401031114524,0.0006636275433208719,9.740055231732874e-07,0.00035169998604031935,6.714612452106236e-08,6.067648906044353e-06,2.560112465930693e-05,1.8187304668712736e-08,6.159975278751419e-06,3.190273039178611e-05,1.3752656495773075e-07,9.301515274028613e-06,0.00013719062026239728,5.6985759694415925e-06,4.053527584142385e-06,5.93731306971947e-06,1.7757457995192694e-05,2.283551506169895e-05,2.4981068182289863e-06,0.0008949520517841258,0.0018426457034123726,0.00018469638730502836,4.3737502249789205e-11,1.0718483865491793e-07,5.366888965642363e-07
GPe,0.0011604102827923151,0.00013283767583500598,2.6254872413331975e-10,2.314101188279707e-07,5.6108764369735456e-11,9.71693919970298e-06,3.861598142109553e-06,1.8281327615250575e-05,0.0002544885606324838,9.966389389264858e-07,1.5603584475991666e-05,3.5387237088051697e-06,1.7158031563066843e-06,1.184516463443798e-05,0.00013271565105251487,9.889183526713044e-05,1.3912996206041478e-06,5.435095372058444e-05,2.2377248974008818e-07,4.300181260275575e-05,1.2254688274196796e-05,4.801707342724074e-07,2.775928774361239e-05,3.436166226972841e-05,3.232765127912887e-07,6.958708886226448e-08,0.0009657653810870602,2.298796456476812e-05,0.00018709898460169983,3.229202920926527e-05,1.5673167789922558e-05,1.957835261124401e-07,2.7000378727316164e-06,0.00043322863030113764,0.0006097177650843652,0.0013489456993367491,1.0074001812824205e-06,4.171934071955571e-07,5.530228269729786e-07
ISN,2.1953397316134164e-06,3.868164359381104e-05,0.0011151090955788287,1.9083082259521115e-05,2.138893760597175e-05,1.9491074837048884e-06,7.774644523596171e-06,0.0003747739697464208,1.4455834687628603e-05,0.00040220210676693215,0.0011662249697629767,2.7734611860077387e-06,7.024973119101676e-07,0.0008575600744269474,6.496131930409013e-05,1.705421435081639e-05,1.8849371236303642e-05,2.047626327395624e-06,0.00035789164768575696,6.406660049325518e-06,1.692288144993948e-07,0.0014847622461886868,6.751343382361437e-07,6.521989854161756e-06,0.0010597195604585058,2.9772527549607564e-08,8.498302684247889e-07,0.0006483140357471445,6.75285040928568e-07,0.000506288673461421,2.758927032558915e-05,8.231217816423472e-09,8.487403975663739e-07,2.8408753889898387e-05,2.5085969511095637e-05,3.081390656949341e-07,0.002415068722126771,0.00036164243105734863,2.0139434867980735e-05
SUV,4.595101505047154e-06,0.00011442246371341138,0.004632151829438472,2.3940924379397658e-06,0.00013909251119520807,8.594346879764856e-06,6.440323662516928e-06,7.44400708156167e-05,2.5558150290317665e-05,4.799425675960368e-05,0.0003104998916424735,3.7419393225995056e-06,1.7281017845186196e-06,8.195509661490863e-05,7.997341423764394e-05,3.0244095590989284e-05,2.0695518273494648e-05,2.684163708965192e-06,0.00027978814923678883,2.6550767115306225e-05,1.171440609869994e-06,0.006218170649570302,5.592997177790017e-06,5.067345188969779e-06,0.0006624763617174318,2.231580812307032e-07,6.18167440626948e-06,6.567625800408863e-05,4.452897492870291e-06,0.00019910127599131723,2.95310336063756e-05,2.100254412398345e-06,1.3623327780012584e-06,4.035934642190056e-05,3.319420945162043e-05,1.1481694238343406e-06,0.00035661048408289735,0.000999189569074034,0.00010291978660307928
DCO,1.7895614371287773e-06,6.598004413099666e-05,0.002725912785026106,4.129262216256965e-05,2.8189210988160266e-05,3.722399732080213e-06,2.2794940879088498e-07,4.950010895574527e-05,7.397832442454292e-06,0.00017935429204116835,0.0002976745192233733,6.6314367456526325e-06,5.407339279452681e-07,9.935259634435841e-05,5.943456182398301e-05,1.5134568305522665e-05,0.001638382021139845,1.3963066325856265e-06,0.00037541509982340896,2.8266759632866236e-05,1.8086006419220332e-08,0.0036832600602266334,6.725697248924137e-08,1.095889818071873e-06,0.0005302869009971113,5.279624445833245e-07,1.8219370298858227e-07,6.842443286394169e-05,7.016100090337144e-08,0.00013052879152042462,9.115076224878512e-06,4.155168792401658e-07,1.169328838988175e-06,1.5838691156901934e-05,1.7165838796824634e-05,3.958176520256903e-08,0.0004180616052060626,0.000578681121641239,0.0009151534577986981
